"Contest ID", "Contest Name"             , "Location ID", "Total Precincts", "Precincts Reporting", "Precincts Partially Reporting", "Total Votes", "Candidate ID", "Candidate Name"                     , "Candidate Votes", "Candidate Vote Percentage"
"1123"      , "U.S. Senate"              , "1"          , "131"            , "131"                , "0"                            , "123432"     , "2175"        , "Natalie James"                      , "67503"          , "55.00"
"1123"      , "U.S. Senate"              , "1"          , "131"            , "131"                , "0"                            , "123432"     , "2176"        , "Senator John Boozman"               , "52745"          , "43.00"
"1123"      , "U.S. Senate"              , "1"          , "131"            , "131"                , "0"                            , "123432"     , "2174"        , "Kenneth Cates"                      , "3184"           , "3.00"
"1123"      , "U.S. Senate"              , "2"          , "21"             , "21"                 , "0"                            , "6238"       , "2176"        , "Senator John Boozman"               , "4861"           , "78.00"
"1123"      , "U.S. Senate"              , "2"          , "21"             , "21"                 , "0"                            , "6238"       , "2175"        , "Natalie James"                      , "1111"           , "18.00"
"1123"      , "U.S. Senate"              , "2"          , "21"             , "21"                 , "0"                            , "6238"       , "2174"        , "Kenneth Cates"                      , "266"            , "4.00"
"1123"      , "U.S. Senate"              , "3"          , "18"             , "18"                 , "0"                            , "6994"       , "2176"        , "Senator John Boozman"               , "4163"           , "60.00"
"1123"      , "U.S. Senate"              , "3"          , "18"             , "18"                 , "0"                            , "6994"       , "2175"        , "Natalie James"                      , "2663"           , "38.00"
"1123"      , "U.S. Senate"              , "3"          , "18"             , "18"                 , "0"                            , "6994"       , "2174"        , "Kenneth Cates"                      , "168"            , "2.00"
"1123"      , "U.S. Senate"              , "4"          , "55"             , "55"                 , "0"                            , "22336"      , "2176"        , "Senator John Boozman"               , "17007"          , "76.00"
"1123"      , "U.S. Senate"              , "4"          , "55"             , "55"                 , "0"                            , "22336"      , "2175"        , "Natalie James"                      , "4477"           , "20.00"
"1123"      , "U.S. Senate"              , "4"          , "55"             , "55"                 , "0"                            , "22336"      , "2174"        , "Kenneth Cates"                      , "852"            , "4.00"
"1123"      , "U.S. Senate"              , "5"          , "28"             , "28"                 , "0"                            , "4576"       , "2176"        , "Senator John Boozman"               , "3692"           , "81.00"
"1123"      , "U.S. Senate"              , "5"          , "28"             , "28"                 , "0"                            , "4576"       , "2175"        , "Natalie James"                      , "729"            , "16.00"
"1123"      , "U.S. Senate"              , "5"          , "28"             , "28"                 , "0"                            , "4576"       , "2174"        , "Kenneth Cates"                      , "155"            , "3.00"
"1123"      , "U.S. Senate"              , "6"          , "13"             , "13"                 , "0"                            , "2456"       , "2176"        , "Senator John Boozman"               , "1667"           , "68.00"
"1123"      , "U.S. Senate"              , "6"          , "13"             , "13"                 , "0"                            , "2456"       , "2175"        , "Natalie James"                      , "740"            , "30.00"
"1123"      , "U.S. Senate"              , "6"          , "13"             , "13"                 , "0"                            , "2456"       , "2174"        , "Kenneth Cates"                      , "49"             , "2.00"
"1123"      , "U.S. Senate"              , "7"          , "21"             , "21"                 , "0"                            , "6105"       , "2176"        , "Senator John Boozman"               , "3685"           , "60.00"
"1123"      , "U.S. Senate"              , "7"          , "21"             , "21"                 , "0"                            , "6105"       , "2175"        , "Natalie James"                      , "2267"           , "37.00"
"1123"      , "U.S. Senate"              , "7"          , "21"             , "21"                 , "0"                            , "6105"       , "2174"        , "Kenneth Cates"                      , "153"            , "3.00"
"1123"      , "U.S. Senate"              , "8"          , "9"              , "9"                  , "0"                            , "2054"       , "2176"        , "Senator John Boozman"               , "1366"           , "67.00"
"1123"      , "U.S. Senate"              , "8"          , "9"              , "9"                  , "0"                            , "2054"       , "2175"        , "Natalie James"                      , "630"            , "31.00"
"1123"      , "U.S. Senate"              , "8"          , "9"              , "9"                  , "0"                            , "2054"       , "2174"        , "Kenneth Cates"                      , "58"             , "3.00"
"1123"      , "U.S. Senate"              , "9"          , "117"            , "117"                , "0"                            , "90562"      , "2176"        , "Senator John Boozman"               , "58938"          , "65.00"
"1123"      , "U.S. Senate"              , "9"          , "117"            , "117"                , "0"                            , "90562"      , "2175"        , "Natalie James"                      , "28336"          , "31.00"
"1123"      , "U.S. Senate"              , "9"          , "117"            , "117"                , "0"                            , "90562"      , "2174"        , "Kenneth Cates"                      , "3288"           , "4.00"
"1123"      , "U.S. Senate"              , "10"         , "18"             , "18"                 , "0"                            , "10645"      , "2176"        , "Senator John Boozman"               , "5436"           , "51.00"
"1123"      , "U.S. Senate"              , "10"         , "18"             , "18"                 , "0"                            , "10645"      , "2175"        , "Natalie James"                      , "4999"           , "47.00"
"1123"      , "U.S. Senate"              , "10"         , "18"             , "18"                 , "0"                            , "10645"      , "2174"        , "Kenneth Cates"                      , "210"            , "2.00"
"1123"      , "U.S. Senate"              , "11"         , "17"             , "17"                 , "0"                            , "3917"       , "2176"        , "Senator John Boozman"               , "3080"           , "79.00"
"1123"      , "U.S. Senate"              , "11"         , "17"             , "17"                 , "0"                            , "3917"       , "2175"        , "Natalie James"                      , "698"            , "18.00"
"1123"      , "U.S. Senate"              , "11"         , "17"             , "17"                 , "0"                            , "3917"       , "2174"        , "Kenneth Cates"                      , "139"            , "4.00"
"1123"      , "U.S. Senate"              , "12"         , "31"             , "31"                 , "0"                            , "5984"       , "2176"        , "Senator John Boozman"               , "4766"           , "80.00"
"1123"      , "U.S. Senate"              , "12"         , "31"             , "31"                 , "0"                            , "5984"       , "2175"        , "Natalie James"                      , "1015"           , "17.00"
"1123"      , "U.S. Senate"              , "12"         , "31"             , "31"                 , "0"                            , "5984"       , "2174"        , "Kenneth Cates"                      , "203"            , "3.00"
"1123"      , "U.S. Senate"              , "13"         , "170"            , "170"                , "0"                            , "17216"      , "2175"        , "Natalie James"                      , "9339"           , "54.00"
"1123"      , "U.S. Senate"              , "13"         , "170"            , "170"                , "0"                            , "17216"      , "2176"        , "Senator John Boozman"               , "7570"           , "44.00"
"1123"      , "U.S. Senate"              , "13"         , "170"            , "170"                , "0"                            , "17216"      , "2174"        , "Kenneth Cates"                      , "307"            , "2.00"
"1123"      , "U.S. Senate"              , "14"         , "11"             , "11"                 , "0"                            , "3703"       , "2176"        , "Senator John Boozman"               , "3133"           , "85.00"
"1123"      , "U.S. Senate"              , "14"         , "11"             , "11"                 , "0"                            , "3703"       , "2175"        , "Natalie James"                      , "472"            , "13.00"
"1123"      , "U.S. Senate"              , "14"         , "11"             , "11"                 , "0"                            , "3703"       , "2174"        , "Kenneth Cates"                      , "98"             , "3.00"
"1123"      , "U.S. Senate"              , "15"         , "24"             , "24"                 , "0"                            , "4636"       , "2176"        , "Senator John Boozman"               , "3338"           , "72.00"
"1123"      , "U.S. Senate"              , "15"         , "24"             , "24"                 , "0"                            , "4636"       , "2175"        , "Natalie James"                      , "1193"           , "26.00"
"1123"      , "U.S. Senate"              , "15"         , "24"             , "24"                 , "0"                            , "4636"       , "2174"        , "Kenneth Cates"                      , "105"            , "2.00"
"1123"      , "U.S. Senate"              , "16"         , "21"             , "21"                 , "0"                            , "4905"       , "2176"        , "Senator John Boozman"               , "3707"           , "76.00"
"1123"      , "U.S. Senate"              , "16"         , "21"             , "21"                 , "0"                            , "4905"       , "2175"        , "Natalie James"                      , "1079"           , "22.00"
"1123"      , "U.S. Senate"              , "16"         , "21"             , "21"                 , "0"                            , "4905"       , "2174"        , "Kenneth Cates"                      , "119"            , "2.00"
"1123"      , "U.S. Senate"              , "17"         , "54"             , "54"                 , "0"                            , "40001"      , "2176"        , "Senator John Boozman"               , "26218"          , "66.00"
"1123"      , "U.S. Senate"              , "17"         , "54"             , "54"                 , "0"                            , "40001"      , "2175"        , "Natalie James"                      , "12257"          , "31.00"
"1123"      , "U.S. Senate"              , "17"         , "54"             , "54"                 , "0"                            , "40001"      , "2174"        , "Kenneth Cates"                      , "1526"           , "4.00"
"1123"      , "U.S. Senate"              , "18"         , "14"             , "14"                 , "0"                            , "2617"       , "2176"        , "Senator John Boozman"               , "1824"           , "70.00"
"1123"      , "U.S. Senate"              , "18"         , "14"             , "14"                 , "0"                            , "2617"       , "2175"        , "Natalie James"                      , "730"            , "28.00"
"1123"      , "U.S. Senate"              , "18"         , "14"             , "14"                 , "0"                            , "2617"       , "2174"        , "Kenneth Cates"                      , "63"             , "2.00"
"1123"      , "U.S. Senate"              , "19"         , "5"              , "5"                  , "0"                            , "1583"       , "2176"        , "Senator John Boozman"               , "1269"           , "80.00"
"1123"      , "U.S. Senate"              , "19"         , "5"              , "5"                  , "0"                            , "1583"       , "2175"        , "Natalie James"                      , "281"            , "18.00"
"1123"      , "U.S. Senate"              , "19"         , "5"              , "5"                  , "0"                            , "1583"       , "2174"        , "Kenneth Cates"                      , "33"             , "2.00"
"1123"      , "U.S. Senate"              , "20"         , "16"             , "16"                 , "0"                            , "8501"       , "2176"        , "Senator John Boozman"               , "5430"           , "64.00"
"1123"      , "U.S. Senate"              , "20"         , "16"             , "16"                 , "0"                            , "8501"       , "2175"        , "Natalie James"                      , "2876"           , "34.00"
"1123"      , "U.S. Senate"              , "20"         , "16"             , "16"                 , "0"                            , "8501"       , "2174"        , "Kenneth Cates"                      , "195"            , "2.00"
"1123"      , "U.S. Senate"              , "21"         , "11"             , "11"                 , "0"                            , "11506"      , "2176"        , "Senator John Boozman"               , "9050"           , "79.00"
"1123"      , "U.S. Senate"              , "21"         , "11"             , "11"                 , "0"                            , "11506"      , "2175"        , "Natalie James"                      , "2027"           , "18.00"
"1123"      , "U.S. Senate"              , "21"         , "11"             , "11"                 , "0"                            , "11506"      , "2174"        , "Kenneth Cates"                      , "429"            , "4.00"
"1123"      , "U.S. Senate"              , "22"         , "25"             , "25"                 , "0"                            , "1956"       , "2176"        , "Senator John Boozman"               , "1281"           , "65.00"
"1123"      , "U.S. Senate"              , "22"         , "25"             , "25"                 , "0"                            , "1956"       , "2175"        , "Natalie James"                      , "632"            , "32.00"
"1123"      , "U.S. Senate"              , "22"         , "25"             , "25"                 , "0"                            , "1956"       , "2174"        , "Kenneth Cates"                      , "43"             , "2.00"
"1123"      , "U.S. Senate"              , "23"         , "14"             , "14"                 , "0"                            , "6053"       , "2176"        , "Senator John Boozman"               , "4177"           , "69.00"
"1123"      , "U.S. Senate"              , "23"         , "14"             , "14"                 , "0"                            , "6053"       , "2175"        , "Natalie James"                      , "1752"           , "29.00"
"1123"      , "U.S. Senate"              , "23"         , "14"             , "14"                 , "0"                            , "6053"       , "2174"        , "Kenneth Cates"                      , "124"            , "2.00"
"1123"      , "U.S. Senate"              , "24"         , "30"             , "30"                 , "0"                            , "5434"       , "2176"        , "Senator John Boozman"               , "4103"           , "76.00"
"1123"      , "U.S. Senate"              , "24"         , "30"             , "30"                 , "0"                            , "5434"       , "2175"        , "Natalie James"                      , "1251"           , "23.00"
"1123"      , "U.S. Senate"              , "24"         , "30"             , "30"                 , "0"                            , "5434"       , "2174"        , "Kenneth Cates"                      , "80"             , "1.00"
"1123"      , "U.S. Senate"              , "25"         , "12"             , "12"                 , "0"                            , "3381"       , "2176"        , "Senator John Boozman"               , "1687"           , "50.00"
"1123"      , "U.S. Senate"              , "25"         , "12"             , "12"                 , "0"                            , "3381"       , "2175"        , "Natalie James"                      , "1653"           , "49.00"
"1123"      , "U.S. Senate"              , "25"         , "12"             , "12"                 , "0"                            , "3381"       , "2174"        , "Kenneth Cates"                      , "41"             , "1.00"
"1123"      , "U.S. Senate"              , "26"         , "17"             , "17"                 , "0"                            , "2788"       , "2176"        , "Senator John Boozman"               , "2343"           , "84.00"
"1123"      , "U.S. Senate"              , "26"         , "17"             , "17"                 , "0"                            , "2788"       , "2175"        , "Natalie James"                      , "380"            , "14.00"
"1123"      , "U.S. Senate"              , "26"         , "17"             , "17"                 , "0"                            , "2788"       , "2174"        , "Kenneth Cates"                      , "65"             , "2.00"
"1123"      , "U.S. Senate"              , "27"         , "12"             , "12"                 , "0"                            , "5549"       , "2176"        , "Senator John Boozman"               , "4419"           , "80.00"
"1123"      , "U.S. Senate"              , "27"         , "12"             , "12"                 , "0"                            , "5549"       , "2175"        , "Natalie James"                      , "976"            , "18.00"
"1123"      , "U.S. Senate"              , "27"         , "12"             , "12"                 , "0"                            , "5549"       , "2174"        , "Kenneth Cates"                      , "154"            , "3.00"
"1123"      , "U.S. Senate"              , "28"         , "53"             , "53"                 , "0"                            , "27583"      , "2176"        , "Senator John Boozman"               , "18697"          , "68.00"
"1123"      , "U.S. Senate"              , "28"         , "53"             , "53"                 , "0"                            , "27583"      , "2175"        , "Natalie James"                      , "7882"           , "29.00"
"1123"      , "U.S. Senate"              , "28"         , "53"             , "53"                 , "0"                            , "27583"      , "2174"        , "Kenneth Cates"                      , "1004"           , "4.00"
"1123"      , "U.S. Senate"              , "29"         , "10"             , "10"                 , "0"                            , "3968"       , "2176"        , "Senator John Boozman"               , "3119"           , "79.00"
"1123"      , "U.S. Senate"              , "29"         , "10"             , "10"                 , "0"                            , "3968"       , "2175"        , "Natalie James"                      , "681"            , "17.00"
"1123"      , "U.S. Senate"              , "29"         , "10"             , "10"                 , "0"                            , "3968"       , "2174"        , "Kenneth Cates"                      , "168"            , "4.00"
"1123"      , "U.S. Senate"              , "30"         , "17"             , "17"                 , "0"                            , "5246"       , "2176"        , "Senator John Boozman"               , "3525"           , "67.00"
"1123"      , "U.S. Senate"              , "30"         , "17"             , "17"                 , "0"                            , "5246"       , "2175"        , "Natalie James"                      , "1632"           , "31.00"
"1123"      , "U.S. Senate"              , "30"         , "17"             , "17"                 , "0"                            , "5246"       , "2174"        , "Kenneth Cates"                      , "89"             , "2.00"
"1123"      , "U.S. Senate"              , "31"         , "30"             , "30"                 , "0"                            , "6901"       , "2176"        , "Senator John Boozman"               , "4705"           , "68.00"
"1123"      , "U.S. Senate"              , "31"         , "30"             , "30"                 , "0"                            , "6901"       , "2175"        , "Natalie James"                      , "1978"           , "29.00"
"1123"      , "U.S. Senate"              , "31"         , "30"             , "30"                 , "0"                            , "6901"       , "2174"        , "Kenneth Cates"                      , "218"            , "3.00"
"1123"      , "U.S. Senate"              , "32"         , "11"             , "11"                 , "0"                            , "9029"       , "2176"        , "Senator John Boozman"               , "5867"           , "65.00"
"1123"      , "U.S. Senate"              , "32"         , "11"             , "11"                 , "0"                            , "9029"       , "2175"        , "Natalie James"                      , "2835"           , "31.00"
"1123"      , "U.S. Senate"              , "32"         , "11"             , "11"                 , "0"                            , "9029"       , "2174"        , "Kenneth Cates"                      , "327"            , "4.00"
"1123"      , "U.S. Senate"              , "33"         , "12"             , "12"                 , "0"                            , "12686"      , "2176"        , "Senator John Boozman"               , "10174"          , "80.00"
"1123"      , "U.S. Senate"              , "33"         , "12"             , "12"                 , "0"                            , "12686"      , "2175"        , "Natalie James"                      , "1979"           , "16.00"
"1123"      , "U.S. Senate"              , "33"         , "12"             , "12"                 , "0"                            , "12686"      , "2174"        , "Kenneth Cates"                      , "533"            , "4.00"
"1123"      , "U.S. Senate"              , "34"         , "29"             , "29"                 , "0"                            , "5245"       , "2176"        , "Senator John Boozman"               , "4160"           , "79.00"
"1123"      , "U.S. Senate"              , "34"         , "29"             , "29"                 , "0"                            , "5245"       , "2175"        , "Natalie James"                      , "864"            , "16.00"
"1123"      , "U.S. Senate"              , "34"         , "29"             , "29"                 , "0"                            , "5245"       , "2174"        , "Kenneth Cates"                      , "221"            , "4.00"
"1123"      , "U.S. Senate"              , "35"         , "36"             , "36"                 , "0"                            , "3613"       , "2176"        , "Senator John Boozman"               , "2668"           , "74.00"
"1123"      , "U.S. Senate"              , "35"         , "36"             , "36"                 , "0"                            , "3613"       , "2175"        , "Natalie James"                      , "861"            , "24.00"
"1123"      , "U.S. Senate"              , "35"         , "36"             , "36"                 , "0"                            , "3613"       , "2174"        , "Kenneth Cates"                      , "84"             , "2.00"
"1123"      , "U.S. Senate"              , "36"         , "28"             , "28"                 , "0"                            , "11599"      , "2176"        , "Senator John Boozman"               , "7926"           , "68.00"
"1123"      , "U.S. Senate"              , "36"         , "28"             , "28"                 , "0"                            , "11599"      , "2175"        , "Natalie James"                      , "3443"           , "30.00"
"1123"      , "U.S. Senate"              , "36"         , "28"             , "28"                 , "0"                            , "11599"      , "2174"        , "Kenneth Cates"                      , "230"            , "2.00"
"1123"      , "U.S. Senate"              , "37"         , "112"            , "112"                , "0"                            , "34269"      , "2176"        , "Senator John Boozman"               , "24097"          , "70.00"
"1123"      , "U.S. Senate"              , "37"         , "112"            , "112"                , "0"                            , "34269"      , "2175"        , "Natalie James"                      , "8926"           , "26.00"
"1123"      , "U.S. Senate"              , "37"         , "112"            , "112"                , "0"                            , "34269"      , "2174"        , "Kenneth Cates"                      , "1246"           , "4.00"
"1123"      , "U.S. Senate"              , "38"         , "16"             , "16"                 , "0"                            , "3153"       , "2176"        , "Senator John Boozman"               , "2516"           , "80.00"
"1123"      , "U.S. Senate"              , "38"         , "16"             , "16"                 , "0"                            , "3153"       , "2175"        , "Natalie James"                      , "532"            , "17.00"
"1123"      , "U.S. Senate"              , "38"         , "16"             , "16"                 , "0"                            , "3153"       , "2174"        , "Kenneth Cates"                      , "105"            , "3.00"
"1123"      , "U.S. Senate"              , "39"         , "17"             , "17"                 , "0"                            , "6864"       , "2176"        , "Senator John Boozman"               , "5669"           , "83.00"
"1123"      , "U.S. Senate"              , "39"         , "17"             , "17"                 , "0"                            , "6864"       , "2175"        , "Natalie James"                      , "932"            , "14.00"
"1123"      , "U.S. Senate"              , "39"         , "17"             , "17"                 , "0"                            , "6864"       , "2174"        , "Kenneth Cates"                      , "263"            , "4.00"
"1123"      , "U.S. Senate"              , "40"         , "26"             , "26"                 , "0"                            , "2950"       , "2176"        , "Senator John Boozman"               , "2497"           , "85.00"
"1123"      , "U.S. Senate"              , "40"         , "26"             , "26"                 , "0"                            , "2950"       , "2175"        , "Natalie James"                      , "349"            , "12.00"
"1123"      , "U.S. Senate"              , "40"         , "26"             , "26"                 , "0"                            , "2950"       , "2174"        , "Kenneth Cates"                      , "104"            , "4.00"
"1123"      , "U.S. Senate"              , "41"         , "9"              , "9"                  , "0"                            , "3623"       , "2176"        , "Senator John Boozman"               , "2888"           , "80.00"
"1123"      , "U.S. Senate"              , "41"         , "9"              , "9"                  , "0"                            , "3623"       , "2175"        , "Natalie James"                      , "625"            , "17.00"
"1123"      , "U.S. Senate"              , "41"         , "9"              , "9"                  , "0"                            , "3623"       , "2174"        , "Kenneth Cates"                      , "110"            , "3.00"
"1123"      , "U.S. Senate"              , "42"         , "20"             , "20"                 , "0"                            , "3789"       , "2176"        , "Senator John Boozman"               , "2879"           , "76.00"
"1123"      , "U.S. Senate"              , "42"         , "20"             , "20"                 , "0"                            , "3789"       , "2175"        , "Natalie James"                      , "798"            , "21.00"
"1123"      , "U.S. Senate"              , "42"         , "20"             , "20"                 , "0"                            , "3789"       , "2174"        , "Kenneth Cates"                      , "112"            , "3.00"
"1123"      , "U.S. Senate"              , "43"         , "19"             , "19"                 , "0"                            , "11183"      , "2176"        , "Senator John Boozman"               , "8475"           , "76.00"
"1123"      , "U.S. Senate"              , "43"         , "19"             , "19"                 , "0"                            , "11183"      , "2175"        , "Natalie James"                      , "2422"           , "22.00"
"1123"      , "U.S. Senate"              , "43"         , "19"             , "19"                 , "0"                            , "11183"      , "2174"        , "Kenneth Cates"                      , "286"            , "3.00"
"1123"      , "U.S. Senate"              , "44"         , "19"             , "19"                 , "0"                            , "5067"       , "2176"        , "Senator John Boozman"               , "3949"           , "78.00"
"1123"      , "U.S. Senate"              , "44"         , "19"             , "19"                 , "0"                            , "5067"       , "2175"        , "Natalie James"                      , "932"            , "18.00"
"1123"      , "U.S. Senate"              , "44"         , "19"             , "19"                 , "0"                            , "5067"       , "2174"        , "Kenneth Cates"                      , "186"            , "4.00"
"1123"      , "U.S. Senate"              , "45"         , "55"             , "55"                 , "0"                            , "17454"      , "2176"        , "Senator John Boozman"               , "13158"          , "75.00"
"1123"      , "U.S. Senate"              , "45"         , "55"             , "55"                 , "0"                            , "17454"      , "2175"        , "Natalie James"                      , "3678"           , "21.00"
"1123"      , "U.S. Senate"              , "45"         , "55"             , "55"                 , "0"                            , "17454"      , "2174"        , "Kenneth Cates"                      , "618"            , "4.00"
"1123"      , "U.S. Senate"              , "46"         , "230"            , "230"                , "0"                            , "70431"      , "2176"        , "Senator John Boozman"               , "37336"          , "53.00"
"1123"      , "U.S. Senate"              , "46"         , "230"            , "230"                , "0"                            , "70431"      , "2175"        , "Natalie James"                      , "30935"          , "44.00"
"1123"      , "U.S. Senate"              , "46"         , "230"            , "230"                , "0"                            , "70431"      , "2174"        , "Kenneth Cates"                      , "2160"           , "3.00"
"1123"      , "U.S. Senate"              , "47"         , "13"             , "13"                 , "0"                            , "17679"      , "2176"        , "Senator John Boozman"               , "13894"          , "79.00"
"1123"      , "U.S. Senate"              , "47"         , "13"             , "13"                 , "0"                            , "17679"      , "2175"        , "Natalie James"                      , "3125"           , "18.00"
"1123"      , "U.S. Senate"              , "47"         , "13"             , "13"                 , "0"                            , "17679"      , "2174"        , "Kenneth Cates"                      , "660"            , "4.00"
"1123"      , "U.S. Senate"              , "48"         , "45"             , "45"                 , "0"                            , "4566"       , "2176"        , "Senator John Boozman"               , "3687"           , "81.00"
"1123"      , "U.S. Senate"              , "48"         , "45"             , "45"                 , "0"                            , "4566"       , "2175"        , "Natalie James"                      , "721"            , "16.00"
"1123"      , "U.S. Senate"              , "48"         , "45"             , "45"                 , "0"                            , "4566"       , "2174"        , "Kenneth Cates"                      , "158"            , "3.00"
"1123"      , "U.S. Senate"              , "49"         , "11"             , "11"                 , "0"                            , "15590"      , "2176"        , "Senator John Boozman"               , "12207"          , "78.00"
"1123"      , "U.S. Senate"              , "49"         , "11"             , "11"                 , "0"                            , "15590"      , "2175"        , "Natalie James"                      , "2940"           , "19.00"
"1123"      , "U.S. Senate"              , "49"         , "11"             , "11"                 , "0"                            , "15590"      , "2174"        , "Kenneth Cates"                      , "443"            , "3.00"
"1123"      , "U.S. Senate"              , "50"         , "15"             , "15"                 , "0"                            , "3111"       , "2176"        , "Senator John Boozman"               , "2523"           , "81.00"
"1123"      , "U.S. Senate"              , "50"         , "15"             , "15"                 , "0"                            , "3111"       , "2175"        , "Natalie James"                      , "426"            , "14.00"
"1123"      , "U.S. Senate"              , "50"         , "15"             , "15"                 , "0"                            , "3111"       , "2174"        , "Kenneth Cates"                      , "162"            , "5.00"
"1123"      , "U.S. Senate"              , "51"         , "25"             , "25"                 , "0"                            , "6026"       , "2176"        , "Senator John Boozman"               , "4848"           , "80.00"
"1123"      , "U.S. Senate"              , "51"         , "25"             , "25"                 , "0"                            , "6026"       , "2175"        , "Natalie James"                      , "979"            , "16.00"
"1123"      , "U.S. Senate"              , "51"         , "25"             , "25"                 , "0"                            , "6026"       , "2174"        , "Kenneth Cates"                      , "199"            , "3.00"
"1123"      , "U.S. Senate"              , "52"         , "15"             , "15"                 , "0"                            , "5039"       , "2176"        , "Senator John Boozman"               , "2514"           , "50.00"
"1123"      , "U.S. Senate"              , "52"         , "15"             , "15"                 , "0"                            , "5039"       , "2175"        , "Natalie James"                      , "2424"           , "48.00"
"1123"      , "U.S. Senate"              , "52"         , "15"             , "15"                 , "0"                            , "5039"       , "2174"        , "Kenneth Cates"                      , "101"            , "2.00"
"1123"      , "U.S. Senate"              , "53"         , "9"              , "9"                  , "0"                            , "1988"       , "2176"        , "Senator John Boozman"               , "978"            , "49.00"
"1123"      , "U.S. Senate"              , "53"         , "9"              , "9"                  , "0"                            , "1988"       , "2175"        , "Natalie James"                      , "956"            , "48.00"
"1123"      , "U.S. Senate"              , "53"         , "9"              , "9"                  , "0"                            , "1988"       , "2174"        , "Kenneth Cates"                      , "54"             , "3.00"
"1123"      , "U.S. Senate"              , "54"         , "20"             , "20"                 , "0"                            , "2076"       , "2176"        , "Senator John Boozman"               , "1376"           , "66.00"
"1123"      , "U.S. Senate"              , "54"         , "20"             , "20"                 , "0"                            , "2076"       , "2175"        , "Natalie James"                      , "633"            , "30.00"
"1123"      , "U.S. Senate"              , "54"         , "20"             , "20"                 , "0"                            , "2076"       , "2174"        , "Kenneth Cates"                      , "67"             , "3.00"
"1123"      , "U.S. Senate"              , "55"         , "16"             , "16"                 , "0"                            , "2233"       , "2176"        , "Senator John Boozman"               , "1295"           , "58.00"
"1123"      , "U.S. Senate"              , "55"         , "16"             , "16"                 , "0"                            , "2233"       , "2175"        , "Natalie James"                      , "891"            , "40.00"
"1123"      , "U.S. Senate"              , "55"         , "16"             , "16"                 , "0"                            , "2233"       , "2174"        , "Kenneth Cates"                      , "47"             , "2.00"
"1123"      , "U.S. Senate"              , "56"         , "1"              , "1"                  , "0"                            , "4276"       , "2175"        , "Natalie James"                      , "2281"           , "53.00"
"1123"      , "U.S. Senate"              , "56"         , "1"              , "1"                  , "0"                            , "4276"       , "2176"        , "Senator John Boozman"               , "1929"           , "45.00"
"1123"      , "U.S. Senate"              , "56"         , "1"              , "1"                  , "0"                            , "4276"       , "2174"        , "Kenneth Cates"                      , "66"             , "2.00"
"1123"      , "U.S. Senate"              , "57"         , "30"             , "30"                 , "0"                            , "4459"       , "2176"        , "Senator John Boozman"               , "3342"           , "75.00"
"1123"      , "U.S. Senate"              , "57"         , "30"             , "30"                 , "0"                            , "4459"       , "2175"        , "Natalie James"                      , "1012"           , "23.00"
"1123"      , "U.S. Senate"              , "57"         , "30"             , "30"                 , "0"                            , "4459"       , "2174"        , "Kenneth Cates"                      , "105"            , "2.00"
"1123"      , "U.S. Senate"              , "58"         , "24"             , "24"                 , "0"                            , "2658"       , "2176"        , "Senator John Boozman"               , "2209"           , "83.00"
"1123"      , "U.S. Senate"              , "58"         , "24"             , "24"                 , "0"                            , "2658"       , "2175"        , "Natalie James"                      , "386"            , "15.00"
"1123"      , "U.S. Senate"              , "58"         , "24"             , "24"                 , "0"                            , "2658"       , "2174"        , "Kenneth Cates"                      , "63"             , "2.00"
"1123"      , "U.S. Senate"              , "59"         , "32"             , "32"                 , "0"                            , "6278"       , "2176"        , "Senator John Boozman"               , "5205"           , "83.00"
"1123"      , "U.S. Senate"              , "59"         , "32"             , "32"                 , "0"                            , "6278"       , "2175"        , "Natalie James"                      , "859"            , "14.00"
"1123"      , "U.S. Senate"              , "59"         , "32"             , "32"                 , "0"                            , "6278"       , "2174"        , "Kenneth Cates"                      , "214"            , "3.00"
"1123"      , "U.S. Senate"              , "60"         , "21"             , "21"                 , "0"                            , "3014"       , "2176"        , "Senator John Boozman"               , "1647"           , "55.00"
"1123"      , "U.S. Senate"              , "60"         , "21"             , "21"                 , "0"                            , "3014"       , "2175"        , "Natalie James"                      , "1296"           , "43.00"
"1123"      , "U.S. Senate"              , "60"         , "21"             , "21"                 , "0"                            , "3014"       , "2174"        , "Kenneth Cates"                      , "71"             , "2.00"
"1123"      , "U.S. Senate"              , "61"         , "26"             , "26"                 , "0"                            , "2733"       , "2176"        , "Senator John Boozman"               , "2040"           , "75.00"
"1123"      , "U.S. Senate"              , "61"         , "26"             , "26"                 , "0"                            , "2733"       , "2175"        , "Natalie James"                      , "619"            , "23.00"
"1123"      , "U.S. Senate"              , "61"         , "26"             , "26"                 , "0"                            , "2733"       , "2174"        , "Kenneth Cates"                      , "74"             , "3.00"
"1123"      , "U.S. Senate"              , "62"         , "34"             , "34"                 , "0"                            , "10521"      , "2176"        , "Senator John Boozman"               , "8325"           , "79.00"
"1123"      , "U.S. Senate"              , "62"         , "34"             , "34"                 , "0"                            , "10521"      , "2175"        , "Natalie James"                      , "1839"           , "17.00"
"1123"      , "U.S. Senate"              , "62"         , "34"             , "34"                 , "0"                            , "10521"      , "2174"        , "Kenneth Cates"                      , "357"            , "3.00"
"1123"      , "U.S. Senate"              , "63"         , "34"             , "34"                 , "0"                            , "10026"      , "2176"        , "Senator John Boozman"               , "8336"           , "83.00"
"1123"      , "U.S. Senate"              , "63"         , "34"             , "34"                 , "0"                            , "10026"      , "2175"        , "Natalie James"                      , "1342"           , "13.00"
"1123"      , "U.S. Senate"              , "63"         , "34"             , "34"                 , "0"                            , "10026"      , "2174"        , "Kenneth Cates"                      , "348"            , "3.00"
"1123"      , "U.S. Senate"              , "64"         , "45"             , "45"                 , "0"                            , "4012"       , "2176"        , "Senator John Boozman"               , "2913"           , "73.00"
"1123"      , "U.S. Senate"              , "64"         , "45"             , "45"                 , "0"                            , "4012"       , "2175"        , "Natalie James"                      , "988"            , "25.00"
"1123"      , "U.S. Senate"              , "64"         , "45"             , "45"                 , "0"                            , "4012"       , "2174"        , "Kenneth Cates"                      , "111"            , "3.00"
"1123"      , "U.S. Senate"              , "65"         , "92"             , "92"                 , "0"                            , "24206"      , "2176"        , "Senator John Boozman"               , "19374"          , "80.00"
"1123"      , "U.S. Senate"              , "65"         , "92"             , "92"                 , "0"                            , "24206"      , "2175"        , "Natalie James"                      , "3970"           , "16.00"
"1123"      , "U.S. Senate"              , "65"         , "92"             , "92"                 , "0"                            , "24206"      , "2174"        , "Kenneth Cates"                      , "862"            , "4.00"
"1123"      , "U.S. Senate"              , "66"         , "36"             , "36"                 , "0"                            , "6228"       , "2176"        , "Senator John Boozman"               , "4920"           , "79.00"
"1123"      , "U.S. Senate"              , "66"         , "36"             , "36"                 , "0"                            , "6228"       , "2175"        , "Natalie James"                      , "1094"           , "18.00"
"1123"      , "U.S. Senate"              , "66"         , "36"             , "36"                 , "0"                            , "6228"       , "2174"        , "Kenneth Cates"                      , "214"            , "3.00"
"1123"      , "U.S. Senate"              , "67"         , "28"             , "28"                 , "0"                            , "5262"       , "2176"        , "Senator John Boozman"               , "4264"           , "81.00"
"1123"      , "U.S. Senate"              , "67"         , "28"             , "28"                 , "0"                            , "5262"       , "2175"        , "Natalie James"                      , "836"            , "16.00"
"1123"      , "U.S. Senate"              , "67"         , "28"             , "28"                 , "0"                            , "5262"       , "2174"        , "Kenneth Cates"                      , "162"            , "3.00"
"1123"      , "U.S. Senate"              , "68"         , "42"             , "42"                 , "0"                            , "43076"      , "2176"        , "Senator John Boozman"               , "30900"          , "72.00"
"1123"      , "U.S. Senate"              , "68"         , "42"             , "42"                 , "0"                            , "43076"      , "2175"        , "Natalie James"                      , "10602"          , "25.00"
"1123"      , "U.S. Senate"              , "68"         , "42"             , "42"                 , "0"                            , "43076"      , "2174"        , "Kenneth Cates"                      , "1574"           , "4.00"
"1123"      , "U.S. Senate"              , "69"         , "17"             , "17"                 , "0"                            , "3792"       , "2176"        , "Senator John Boozman"               , "2919"           , "77.00"
"1123"      , "U.S. Senate"              , "69"         , "17"             , "17"                 , "0"                            , "3792"       , "2175"        , "Natalie James"                      , "712"            , "19.00"
"1123"      , "U.S. Senate"              , "69"         , "17"             , "17"                 , "0"                            , "3792"       , "2174"        , "Kenneth Cates"                      , "161"            , "4.00"
"1123"      , "U.S. Senate"              , "70"         , "19"             , "19"                 , "0"                            , "3060"       , "2176"        , "Senator John Boozman"               , "2440"           , "80.00"
"1123"      , "U.S. Senate"              , "70"         , "19"             , "19"                 , "0"                            , "3060"       , "2175"        , "Natalie James"                      , "513"            , "17.00"
"1123"      , "U.S. Senate"              , "70"         , "19"             , "19"                 , "0"                            , "3060"       , "2174"        , "Kenneth Cates"                      , "107"            , "3.00"
"1123"      , "U.S. Senate"              , "71"         , "49"             , "49"                 , "0"                            , "5373"       , "2176"        , "Senator John Boozman"               , "4284"           , "80.00"
"1123"      , "U.S. Senate"              , "71"         , "49"             , "49"                 , "0"                            , "5373"       , "2175"        , "Natalie James"                      , "892"            , "17.00"
"1123"      , "U.S. Senate"              , "71"         , "49"             , "49"                 , "0"                            , "5373"       , "2174"        , "Kenneth Cates"                      , "197"            , "4.00"
"1123"      , "U.S. Senate"              , "72"         , "11"             , "11"                 , "0"                            , "6987"       , "2176"        , "Senator John Boozman"               , "5287"           , "76.00"
"1123"      , "U.S. Senate"              , "72"         , "11"             , "11"                 , "0"                            , "6987"       , "2175"        , "Natalie James"                      , "1458"           , "21.00"
"1123"      , "U.S. Senate"              , "72"         , "11"             , "11"                 , "0"                            , "6987"       , "2174"        , "Kenneth Cates"                      , "242"            , "3.00"
"1123"      , "U.S. Senate"              , "73"         , "10"             , "10"                 , "0"                            , "5775"       , "2176"        , "Senator John Boozman"               , "4489"           , "78.00"
"1123"      , "U.S. Senate"              , "73"         , "10"             , "10"                 , "0"                            , "5775"       , "2175"        , "Natalie James"                      , "1102"           , "19.00"
"1123"      , "U.S. Senate"              , "73"         , "10"             , "10"                 , "0"                            , "5775"       , "2174"        , "Kenneth Cates"                      , "184"            , "3.00"
"1123"      , "U.S. Senate"              , "74"         , "31"             , "31"                 , "0"                            , "9866"       , "2176"        , "Senator John Boozman"               , "7360"           , "75.00"
"1123"      , "U.S. Senate"              , "74"         , "31"             , "31"                 , "0"                            , "9866"       , "2175"        , "Natalie James"                      , "2139"           , "22.00"
"1123"      , "U.S. Senate"              , "74"         , "31"             , "31"                 , "0"                            , "9866"       , "2174"        , "Kenneth Cates"                      , "367"            , "4.00"
"1123"      , "U.S. Senate"              , "75"         , "52"             , "52"                 , "0"                            , "32954"      , "2176"        , "Senator John Boozman"               , "22606"          , "69.00"
"1123"      , "U.S. Senate"              , "75"         , "52"             , "52"                 , "0"                            , "32954"      , "2175"        , "Natalie James"                      , "9162"           , "28.00"
"1123"      , "U.S. Senate"              , "75"         , "52"             , "52"                 , "0"                            , "32954"      , "2174"        , "Kenneth Cates"                      , "1186"           , "4.00"
"1353"      , "U.S. Congress District 01", "1"          , "2"              , "2"                  , "0"                            , "2186"       , "2603"        , "Representative Monte Hodges"        , "1404"           , "64.00"
"1353"      , "U.S. Congress District 01", "1"          , "2"              , "2"                  , "0"                            , "2186"       , "2602"        , "Congressman Rick Crawford"          , "782"            , "36.00"
"1353"      , "U.S. Congress District 01", "4"          , "55"             , "55"                 , "0"                            , "22148"      , "2602"        , "Congressman Rick Crawford"          , "17482"          , "79.00"
"1353"      , "U.S. Congress District 01", "4"          , "55"             , "55"                 , "0"                            , "22148"      , "2603"        , "Representative Monte Hodges"        , "4666"           , "21.00"
"1353"      , "U.S. Congress District 01", "5"          , "28"             , "28"                 , "0"                            , "4556"       , "2602"        , "Congressman Rick Crawford"          , "3754"           , "82.00"
"1353"      , "U.S. Congress District 01", "5"          , "28"             , "28"                 , "0"                            , "4556"       , "2603"        , "Representative Monte Hodges"        , "802"            , "18.00"
"1353"      , "U.S. Congress District 01", "10"         , "18"             , "18"                 , "0"                            , "10582"      , "2602"        , "Congressman Rick Crawford"          , "5459"           , "52.00"
"1353"      , "U.S. Congress District 01", "10"         , "18"             , "18"                 , "0"                            , "10582"      , "2603"        , "Representative Monte Hodges"        , "5123"           , "48.00"
"1353"      , "U.S. Congress District 01", "11"         , "17"             , "17"                 , "0"                            , "3918"       , "2602"        , "Congressman Rick Crawford"          , "3195"           , "82.00"
"1353"      , "U.S. Congress District 01", "11"         , "17"             , "17"                 , "0"                            , "3918"       , "2603"        , "Representative Monte Hodges"        , "723"            , "18.00"
"1353"      , "U.S. Congress District 01", "12"         , "31"             , "31"                 , "0"                            , "5913"       , "2602"        , "Congressman Rick Crawford"          , "4844"           , "82.00"
"1353"      , "U.S. Congress District 01", "12"         , "31"             , "31"                 , "0"                            , "5913"       , "2603"        , "Representative Monte Hodges"        , "1069"           , "18.00"
"1353"      , "U.S. Congress District 01", "16"         , "21"             , "21"                 , "0"                            , "4891"       , "2602"        , "Congressman Rick Crawford"          , "3786"           , "77.00"
"1353"      , "U.S. Congress District 01", "16"         , "21"             , "21"                 , "0"                            , "4891"       , "2603"        , "Representative Monte Hodges"        , "1105"           , "23.00"
"1353"      , "U.S. Congress District 01", "20"         , "16"             , "16"                 , "0"                            , "8548"       , "2602"        , "Congressman Rick Crawford"          , "5207"           , "61.00"
"1353"      , "U.S. Congress District 01", "20"         , "16"             , "16"                 , "0"                            , "8548"       , "2603"        , "Representative Monte Hodges"        , "3341"           , "39.00"
"1353"      , "U.S. Congress District 01", "21"         , "11"             , "11"                 , "0"                            , "11471"      , "2602"        , "Congressman Rick Crawford"          , "9331"           , "81.00"
"1353"      , "U.S. Congress District 01", "21"         , "11"             , "11"                 , "0"                            , "11471"      , "2603"        , "Representative Monte Hodges"        , "2140"           , "19.00"
"1353"      , "U.S. Congress District 01", "25"         , "12"             , "12"                 , "0"                            , "3324"       , "2603"        , "Representative Monte Hodges"        , "1676"           , "50.00"
"1353"      , "U.S. Congress District 01", "25"         , "12"             , "12"                 , "0"                            , "3324"       , "2602"        , "Congressman Rick Crawford"          , "1648"           , "50.00"
"1353"      , "U.S. Congress District 01", "27"         , "12"             , "12"                 , "0"                            , "5523"       , "2602"        , "Congressman Rick Crawford"          , "4526"           , "82.00"
"1353"      , "U.S. Congress District 01", "27"         , "12"             , "12"                 , "0"                            , "5523"       , "2603"        , "Representative Monte Hodges"        , "997"            , "18.00"
"1353"      , "U.S. Congress District 01", "28"         , "53"             , "53"                 , "0"                            , "27411"      , "2602"        , "Congressman Rick Crawford"          , "19283"          , "70.00"
"1353"      , "U.S. Congress District 01", "28"         , "53"             , "53"                 , "0"                            , "27411"      , "2603"        , "Representative Monte Hodges"        , "8128"           , "30.00"
"1353"      , "U.S. Congress District 01", "29"         , "10"             , "10"                 , "0"                            , "3958"       , "2602"        , "Congressman Rick Crawford"          , "3211"           , "81.00"
"1353"      , "U.S. Congress District 01", "29"         , "10"             , "10"                 , "0"                            , "3958"       , "2603"        , "Representative Monte Hodges"        , "747"            , "19.00"
"1353"      , "U.S. Congress District 01", "33"         , "12"             , "12"                 , "0"                            , "12593"      , "2602"        , "Congressman Rick Crawford"          , "10433"          , "83.00"
"1353"      , "U.S. Congress District 01", "33"         , "12"             , "12"                 , "0"                            , "12593"      , "2603"        , "Representative Monte Hodges"        , "2160"           , "17.00"
"1353"      , "U.S. Congress District 01", "34"         , "29"             , "29"                 , "0"                            , "5211"       , "2602"        , "Congressman Rick Crawford"          , "4328"           , "83.00"
"1353"      , "U.S. Congress District 01", "34"         , "29"             , "29"                 , "0"                            , "5211"       , "2603"        , "Representative Monte Hodges"        , "883"            , "17.00"
"1353"      , "U.S. Congress District 01", "44"         , "19"             , "19"                 , "0"                            , "5010"       , "2602"        , "Congressman Rick Crawford"          , "4015"           , "80.00"
"1353"      , "U.S. Congress District 01", "44"         , "19"             , "19"                 , "0"                            , "5010"       , "2603"        , "Representative Monte Hodges"        , "995"            , "20.00"
"1353"      , "U.S. Congress District 01", "48"         , "45"             , "45"                 , "0"                            , "4541"       , "2602"        , "Congressman Rick Crawford"          , "3794"           , "84.00"
"1353"      , "U.S. Congress District 01", "48"         , "45"             , "45"                 , "0"                            , "4541"       , "2603"        , "Representative Monte Hodges"        , "747"            , "16.00"
"1353"      , "U.S. Congress District 01", "49"         , "11"             , "11"                 , "0"                            , "15462"      , "2602"        , "Congressman Rick Crawford"          , "12373"          , "80.00"
"1353"      , "U.S. Congress District 01", "49"         , "11"             , "11"                 , "0"                            , "15462"      , "2603"        , "Representative Monte Hodges"        , "3089"           , "20.00"
"1353"      , "U.S. Congress District 01", "50"         , "15"             , "15"                 , "0"                            , "2963"       , "2602"        , "Congressman Rick Crawford"          , "2556"           , "86.00"
"1353"      , "U.S. Congress District 01", "50"         , "15"             , "15"                 , "0"                            , "2963"       , "2603"        , "Representative Monte Hodges"        , "407"            , "14.00"
"1353"      , "U.S. Congress District 01", "51"         , "25"             , "25"                 , "0"                            , "6012"       , "2602"        , "Congressman Rick Crawford"          , "4995"           , "83.00"
"1353"      , "U.S. Congress District 01", "51"         , "25"             , "25"                 , "0"                            , "6012"       , "2603"        , "Representative Monte Hodges"        , "1017"           , "17.00"
"1353"      , "U.S. Congress District 01", "52"         , "15"             , "15"                 , "0"                            , "4986"       , "2602"        , "Congressman Rick Crawford"          , "2573"           , "52.00"
"1353"      , "U.S. Congress District 01", "52"         , "15"             , "15"                 , "0"                            , "4986"       , "2603"        , "Representative Monte Hodges"        , "2413"           , "48.00"
"1353"      , "U.S. Congress District 01", "53"         , "9"              , "9"                  , "0"                            , "1928"       , "2602"        , "Congressman Rick Crawford"          , "970"            , "50.00"
"1353"      , "U.S. Congress District 01", "53"         , "9"              , "9"                  , "0"                            , "1928"       , "2603"        , "Representative Monte Hodges"        , "958"            , "50.00"
"1353"      , "U.S. Congress District 01", "54"         , "20"             , "20"                 , "0"                            , "2056"       , "2602"        , "Congressman Rick Crawford"          , "1397"           , "68.00"
"1353"      , "U.S. Congress District 01", "54"         , "20"             , "20"                 , "0"                            , "2056"       , "2603"        , "Representative Monte Hodges"        , "659"            , "32.00"
"1353"      , "U.S. Congress District 01", "55"         , "16"             , "16"                 , "0"                            , "2079"       , "2602"        , "Congressman Rick Crawford"          , "1223"           , "59.00"
"1353"      , "U.S. Congress District 01", "55"         , "16"             , "16"                 , "0"                            , "2079"       , "2603"        , "Representative Monte Hodges"        , "856"            , "41.00"
"1353"      , "U.S. Congress District 01", "56"         , "1"              , "1"                  , "0"                            , "4153"       , "2603"        , "Representative Monte Hodges"        , "2224"           , "54.00"
"1353"      , "U.S. Congress District 01", "56"         , "1"              , "1"                  , "0"                            , "4153"       , "2602"        , "Congressman Rick Crawford"          , "1929"           , "46.00"
"1353"      , "U.S. Congress District 01", "57"         , "30"             , "30"                 , "0"                            , "4425"       , "2602"        , "Congressman Rick Crawford"          , "3379"           , "76.00"
"1353"      , "U.S. Congress District 01", "57"         , "30"             , "30"                 , "0"                            , "4425"       , "2603"        , "Representative Monte Hodges"        , "1046"           , "24.00"
"1353"      , "U.S. Congress District 01", "58"         , "24"             , "24"                 , "0"                            , "2577"       , "2602"        , "Congressman Rick Crawford"          , "2183"           , "85.00"
"1353"      , "U.S. Congress District 01", "58"         , "24"             , "24"                 , "0"                            , "2577"       , "2603"        , "Representative Monte Hodges"        , "394"            , "15.00"
"1353"      , "U.S. Congress District 01", "60"         , "21"             , "21"                 , "0"                            , "2864"       , "2602"        , "Congressman Rick Crawford"          , "1599"           , "56.00"
"1353"      , "U.S. Congress District 01", "60"         , "21"             , "21"                 , "0"                            , "2864"       , "2603"        , "Representative Monte Hodges"        , "1265"           , "44.00"
"1353"      , "U.S. Congress District 01", "61"         , "26"             , "26"                 , "0"                            , "2678"       , "2602"        , "Congressman Rick Crawford"          , "2042"           , "76.00"
"1353"      , "U.S. Congress District 01", "61"         , "26"             , "26"                 , "0"                            , "2678"       , "2603"        , "Representative Monte Hodges"        , "636"            , "24.00"
"1353"      , "U.S. Congress District 01", "62"         , "34"             , "34"                 , "0"                            , "10418"      , "2602"        , "Congressman Rick Crawford"          , "8496"           , "82.00"
"1353"      , "U.S. Congress District 01", "62"         , "34"             , "34"                 , "0"                            , "10418"      , "2603"        , "Representative Monte Hodges"        , "1922"           , "18.00"
"1353"      , "U.S. Congress District 01", "64"         , "45"             , "45"                 , "0"                            , "3987"       , "2602"        , "Congressman Rick Crawford"          , "2981"           , "75.00"
"1353"      , "U.S. Congress District 01", "64"         , "45"             , "45"                 , "0"                            , "3987"       , "2603"        , "Representative Monte Hodges"        , "1006"           , "25.00"
"514"       , "U.S. Congress District 02", "1"          , "119"            , "119"                , "0"                            , "114125"     , "977"         , "Quintessa Hathaway"                 , "57517"          , "50.00"
"514"       , "U.S. Congress District 02", "1"          , "119"            , "119"                , "0"                            , "114125"     , "975"         , "Congressman French Hill"            , "51848"          , "45.00"
"514"       , "U.S. Congress District 02", "1"          , "119"            , "119"                , "0"                            , "114125"     , "976"         , "Michael White"                      , "4760"           , "4.00"
"514"       , "U.S. Congress District 02", "2"          , "21"             , "21"                 , "0"                            , "6203"       , "975"         , "Congressman French Hill"            , "4778"           , "77.00"
"514"       , "U.S. Congress District 02", "2"          , "21"             , "21"                 , "0"                            , "6203"       , "977"         , "Quintessa Hathaway"                 , "1043"           , "17.00"
"514"       , "U.S. Congress District 02", "2"          , "21"             , "21"                 , "0"                            , "6203"       , "976"         , "Michael White"                      , "382"            , "6.00"
"514"       , "U.S. Congress District 02", "17"         , "54"             , "54"                 , "0"                            , "39829"      , "975"         , "Congressman French Hill"            , "26422"          , "66.00"
"514"       , "U.S. Congress District 02", "17"         , "54"             , "54"                 , "0"                            , "39829"      , "977"         , "Quintessa Hathaway"                 , "11323"          , "28.00"
"514"       , "U.S. Congress District 02", "17"         , "54"             , "54"                 , "0"                            , "39829"      , "976"         , "Michael White"                      , "2084"           , "5.00"
"514"       , "U.S. Congress District 02", "31"         , "30"             , "30"                 , "0"                            , "6782"       , "975"         , "Congressman French Hill"            , "4620"           , "68.00"
"514"       , "U.S. Congress District 02", "31"         , "30"             , "30"                 , "0"                            , "6782"       , "977"         , "Quintessa Hathaway"                 , "1893"           , "28.00"
"514"       , "U.S. Congress District 02", "31"         , "30"             , "30"                 , "0"                            , "6782"       , "976"         , "Michael White"                      , "269"            , "4.00"
"514"       , "U.S. Congress District 02", "63"         , "34"             , "34"                 , "0"                            , "9983"       , "975"         , "Congressman French Hill"            , "8286"           , "83.00"
"514"       , "U.S. Congress District 02", "63"         , "34"             , "34"                 , "0"                            , "9983"       , "977"         , "Quintessa Hathaway"                 , "1269"           , "13.00"
"514"       , "U.S. Congress District 02", "63"         , "34"             , "34"                 , "0"                            , "9983"       , "976"         , "Michael White"                      , "428"            , "4.00"
"514"       , "U.S. Congress District 02", "65"         , "92"             , "92"                 , "0"                            , "24118"      , "975"         , "Congressman French Hill"            , "19105"          , "79.00"
"514"       , "U.S. Congress District 02", "65"         , "92"             , "92"                 , "0"                            , "24118"      , "977"         , "Quintessa Hathaway"                 , "3775"           , "16.00"
"514"       , "U.S. Congress District 02", "65"         , "92"             , "92"                 , "0"                            , "24118"      , "976"         , "Michael White"                      , "1238"           , "5.00"
"514"       , "U.S. Congress District 02", "68"         , "42"             , "42"                 , "0"                            , "42967"      , "975"         , "Congressman French Hill"            , "30908"          , "72.00"
"514"       , "U.S. Congress District 02", "68"         , "42"             , "42"                 , "0"                            , "42967"      , "977"         , "Quintessa Hathaway"                 , "9750"           , "23.00"
"514"       , "U.S. Congress District 02", "68"         , "42"             , "42"                 , "0"                            , "42967"      , "976"         , "Michael White"                      , "2309"           , "5.00"
"514"       , "U.S. Congress District 02", "69"         , "17"             , "17"                 , "0"                            , "3778"       , "975"         , "Congressman French Hill"            , "2927"           , "77.00"
"514"       , "U.S. Congress District 02", "69"         , "17"             , "17"                 , "0"                            , "3778"       , "977"         , "Quintessa Hathaway"                 , "665"            , "18.00"
"514"       , "U.S. Congress District 02", "69"         , "17"             , "17"                 , "0"                            , "3778"       , "976"         , "Michael White"                      , "186"            , "5.00"
"396"       , "U.S. Congress District 03", "9"          , "117"            , "117"                , "0"                            , "90513"      , "757"         , "Congressman Steve Womack"           , "59326"          , "66.00"
"396"       , "U.S. Congress District 03", "9"          , "117"            , "117"                , "0"                            , "90513"      , "758"         , "Lauren Mallett-Hays"                , "27846"          , "31.00"
"396"       , "U.S. Congress District 03", "9"          , "117"            , "117"                , "0"                            , "90513"      , "759"         , "Michael J. Kalagias"                , "3341"           , "4.00"
"396"       , "U.S. Congress District 03", "32"         , "11"             , "11"                 , "0"                            , "9004"       , "757"         , "Congressman Steve Womack"           , "5906"           , "66.00"
"396"       , "U.S. Congress District 03", "32"         , "11"             , "11"                 , "0"                            , "9004"       , "758"         , "Lauren Mallett-Hays"                , "2811"           , "31.00"
"396"       , "U.S. Congress District 03", "32"         , "11"             , "11"                 , "0"                            , "9004"       , "759"         , "Michael J. Kalagias"                , "287"            , "3.00"
"396"       , "U.S. Congress District 03", "37"         , "96"             , "96"                 , "0"                            , "30813"      , "757"         , "Congressman Steve Womack"           , "21380"          , "69.00"
"396"       , "U.S. Congress District 03", "37"         , "96"             , "96"                 , "0"                            , "30813"      , "758"         , "Lauren Mallett-Hays"                , "8362"           , "27.00"
"396"       , "U.S. Congress District 03", "37"         , "96"             , "96"                 , "0"                            , "30813"      , "759"         , "Michael J. Kalagias"                , "1071"           , "3.00"
"396"       , "U.S. Congress District 03", "46"         , "230"            , "230"                , "0"                            , "70293"      , "757"         , "Congressman Steve Womack"           , "37619"          , "54.00"
"396"       , "U.S. Congress District 03", "46"         , "230"            , "230"                , "0"                            , "70293"      , "758"         , "Lauren Mallett-Hays"                , "30485"          , "43.00"
"396"       , "U.S. Congress District 03", "46"         , "230"            , "230"                , "0"                            , "70293"      , "759"         , "Michael J. Kalagias"                , "2189"           , "3.00"
"396"       , "U.S. Congress District 03", "47"         , "13"             , "13"                 , "0"                            , "17318"      , "757"         , "Congressman Steve Womack"           , "13762"          , "79.00"
"396"       , "U.S. Congress District 03", "47"         , "13"             , "13"                 , "0"                            , "17318"      , "758"         , "Lauren Mallett-Hays"                , "2981"           , "17.00"
"396"       , "U.S. Congress District 03", "47"         , "13"             , "13"                 , "0"                            , "17318"      , "759"         , "Michael J. Kalagias"                , "575"            , "3.00"
"396"       , "U.S. Congress District 03", "73"         , "10"             , "10"                 , "0"                            , "5647"       , "757"         , "Congressman Steve Womack"           , "4408"           , "78.00"
"396"       , "U.S. Congress District 03", "73"         , "10"             , "10"                 , "0"                            , "5647"       , "758"         , "Lauren Mallett-Hays"                , "1056"           , "19.00"
"396"       , "U.S. Congress District 03", "73"         , "10"             , "10"                 , "0"                            , "5647"       , "759"         , "Michael J. Kalagias"                , "183"            , "3.00"
"540"       , "U.S. Congress District 04", "1"          , "10"             , "10"                 , "0"                            , "6403"       , "1029"        , "John White"                         , "4376"           , "68.00"
"540"       , "U.S. Congress District 04", "1"          , "10"             , "10"                 , "0"                            , "6403"       , "1030"        , "U.S. Representative Bruce Westerman", "1839"           , "29.00"
"540"       , "U.S. Congress District 04", "1"          , "10"             , "10"                 , "0"                            , "6403"       , "1028"        , "Gregory Maxwell"                    , "188"            , "3.00"
"540"       , "U.S. Congress District 04", "3"          , "18"             , "18"                 , "0"                            , "6938"       , "1030"        , "U.S. Representative Bruce Westerman", "4185"           , "60.00"
"540"       , "U.S. Congress District 04", "3"          , "18"             , "18"                 , "0"                            , "6938"       , "1029"        , "John White"                         , "2583"           , "37.00"
"540"       , "U.S. Congress District 04", "3"          , "18"             , "18"                 , "0"                            , "6938"       , "1028"        , "Gregory Maxwell"                    , "170"            , "2.00"
"540"       , "U.S. Congress District 04", "6"          , "13"             , "13"                 , "0"                            , "2443"       , "1030"        , "U.S. Representative Bruce Westerman", "1685"           , "69.00"
"540"       , "U.S. Congress District 04", "6"          , "13"             , "13"                 , "0"                            , "2443"       , "1029"        , "John White"                         , "714"            , "29.00"
"540"       , "U.S. Congress District 04", "6"          , "13"             , "13"                 , "0"                            , "2443"       , "1028"        , "Gregory Maxwell"                    , "44"             , "2.00"
"540"       , "U.S. Congress District 04", "7"          , "21"             , "21"                 , "0"                            , "5982"       , "1030"        , "U.S. Representative Bruce Westerman", "3721"           , "62.00"
"540"       , "U.S. Congress District 04", "7"          , "21"             , "21"                 , "0"                            , "5982"       , "1029"        , "John White"                         , "2091"           , "35.00"
"540"       , "U.S. Congress District 04", "7"          , "21"             , "21"                 , "0"                            , "5982"       , "1028"        , "Gregory Maxwell"                    , "170"            , "3.00"
"540"       , "U.S. Congress District 04", "8"          , "9"              , "9"                  , "0"                            , "2039"       , "1030"        , "U.S. Representative Bruce Westerman", "1354"           , "66.00"
"540"       , "U.S. Congress District 04", "8"          , "9"              , "9"                  , "0"                            , "2039"       , "1029"        , "John White"                         , "633"            , "31.00"
"540"       , "U.S. Congress District 04", "8"          , "9"              , "9"                  , "0"                            , "2039"       , "1028"        , "Gregory Maxwell"                    , "52"             , "3.00"
"540"       , "U.S. Congress District 04", "13"         , "162"            , "162"                , "0"                            , "16857"      , "1029"        , "John White"                         , "9108"           , "54.00"
"540"       , "U.S. Congress District 04", "13"         , "162"            , "162"                , "0"                            , "16857"      , "1030"        , "U.S. Representative Bruce Westerman", "7309"           , "43.00"
"540"       , "U.S. Congress District 04", "13"         , "162"            , "162"                , "0"                            , "16857"      , "1028"        , "Gregory Maxwell"                    , "440"            , "3.00"
"540"       , "U.S. Congress District 04", "14"         , "11"             , "11"                 , "0"                            , "3693"       , "1030"        , "U.S. Representative Bruce Westerman", "3151"           , "85.00"
"540"       , "U.S. Congress District 04", "14"         , "11"             , "11"                 , "0"                            , "3693"       , "1029"        , "John White"                         , "450"            , "12.00"
"540"       , "U.S. Congress District 04", "14"         , "11"             , "11"                 , "0"                            , "3693"       , "1028"        , "Gregory Maxwell"                    , "92"             , "2.00"
"540"       , "U.S. Congress District 04", "15"         , "24"             , "24"                 , "0"                            , "4493"       , "1030"        , "U.S. Representative Bruce Westerman", "3286"           , "73.00"
"540"       , "U.S. Congress District 04", "15"         , "24"             , "24"                 , "0"                            , "4493"       , "1029"        , "John White"                         , "1110"           , "25.00"
"540"       , "U.S. Congress District 04", "15"         , "24"             , "24"                 , "0"                            , "4493"       , "1028"        , "Gregory Maxwell"                    , "97"             , "2.00"
"540"       , "U.S. Congress District 04", "18"         , "14"             , "14"                 , "0"                            , "2573"       , "1030"        , "U.S. Representative Bruce Westerman", "1807"           , "70.00"
"540"       , "U.S. Congress District 04", "18"         , "14"             , "14"                 , "0"                            , "2573"       , "1029"        , "John White"                         , "708"            , "28.00"
"540"       , "U.S. Congress District 04", "18"         , "14"             , "14"                 , "0"                            , "2573"       , "1028"        , "Gregory Maxwell"                    , "58"             , "2.00"
"540"       , "U.S. Congress District 04", "19"         , "5"              , "5"                  , "0"                            , "1574"       , "1030"        , "U.S. Representative Bruce Westerman", "1257"           , "80.00"
"540"       , "U.S. Congress District 04", "19"         , "5"              , "5"                  , "0"                            , "1574"       , "1029"        , "John White"                         , "286"            , "18.00"
"540"       , "U.S. Congress District 04", "19"         , "5"              , "5"                  , "0"                            , "1574"       , "1028"        , "Gregory Maxwell"                    , "31"             , "2.00"
"540"       , "U.S. Congress District 04", "22"         , "25"             , "25"                 , "0"                            , "1951"       , "1030"        , "U.S. Representative Bruce Westerman", "1318"           , "68.00"
"540"       , "U.S. Congress District 04", "22"         , "25"             , "25"                 , "0"                            , "1951"       , "1029"        , "John White"                         , "592"            , "30.00"
"540"       , "U.S. Congress District 04", "22"         , "25"             , "25"                 , "0"                            , "1951"       , "1028"        , "Gregory Maxwell"                    , "41"             , "2.00"
"540"       , "U.S. Congress District 04", "23"         , "14"             , "14"                 , "0"                            , "6050"       , "1030"        , "U.S. Representative Bruce Westerman", "4184"           , "69.00"
"540"       , "U.S. Congress District 04", "23"         , "14"             , "14"                 , "0"                            , "6050"       , "1029"        , "John White"                         , "1735"           , "29.00"
"540"       , "U.S. Congress District 04", "23"         , "14"             , "14"                 , "0"                            , "6050"       , "1028"        , "Gregory Maxwell"                    , "131"            , "2.00"
"540"       , "U.S. Congress District 04", "24"         , "30"             , "30"                 , "0"                            , "5420"       , "1030"        , "U.S. Representative Bruce Westerman", "4076"           , "75.00"
"540"       , "U.S. Congress District 04", "24"         , "30"             , "30"                 , "0"                            , "5420"       , "1029"        , "John White"                         , "1243"           , "23.00"
"540"       , "U.S. Congress District 04", "24"         , "30"             , "30"                 , "0"                            , "5420"       , "1028"        , "Gregory Maxwell"                    , "101"            , "2.00"
"540"       , "U.S. Congress District 04", "26"         , "17"             , "17"                 , "0"                            , "2620"       , "1030"        , "U.S. Representative Bruce Westerman", "2185"           , "83.00"
"540"       , "U.S. Congress District 04", "26"         , "17"             , "17"                 , "0"                            , "2620"       , "1029"        , "John White"                         , "368"            , "14.00"
"540"       , "U.S. Congress District 04", "26"         , "17"             , "17"                 , "0"                            , "2620"       , "1028"        , "Gregory Maxwell"                    , "67"             , "3.00"
"540"       , "U.S. Congress District 04", "30"         , "17"             , "17"                 , "0"                            , "5207"       , "1030"        , "U.S. Representative Bruce Westerman", "3498"           , "67.00"
"540"       , "U.S. Congress District 04", "30"         , "17"             , "17"                 , "0"                            , "5207"       , "1029"        , "John White"                         , "1566"           , "30.00"
"540"       , "U.S. Congress District 04", "30"         , "17"             , "17"                 , "0"                            , "5207"       , "1028"        , "Gregory Maxwell"                    , "143"            , "3.00"
"540"       , "U.S. Congress District 04", "35"         , "36"             , "36"                 , "0"                            , "3617"       , "1030"        , "U.S. Representative Bruce Westerman", "2684"           , "74.00"
"540"       , "U.S. Congress District 04", "35"         , "36"             , "36"                 , "0"                            , "3617"       , "1029"        , "John White"                         , "856"            , "24.00"
"540"       , "U.S. Congress District 04", "35"         , "36"             , "36"                 , "0"                            , "3617"       , "1028"        , "Gregory Maxwell"                    , "77"             , "2.00"
"540"       , "U.S. Congress District 04", "36"         , "28"             , "28"                 , "0"                            , "11550"      , "1030"        , "U.S. Representative Bruce Westerman", "8004"           , "69.00"
"540"       , "U.S. Congress District 04", "36"         , "28"             , "28"                 , "0"                            , "11550"      , "1029"        , "John White"                         , "3301"           , "29.00"
"540"       , "U.S. Congress District 04", "36"         , "28"             , "28"                 , "0"                            , "11550"      , "1028"        , "Gregory Maxwell"                    , "245"            , "2.00"
"540"       , "U.S. Congress District 04", "37"         , "16"             , "16"                 , "0"                            , "3355"       , "1030"        , "U.S. Representative Bruce Westerman", "2804"           , "84.00"
"540"       , "U.S. Congress District 04", "37"         , "16"             , "16"                 , "0"                            , "3355"       , "1029"        , "John White"                         , "458"            , "14.00"
"540"       , "U.S. Congress District 04", "37"         , "16"             , "16"                 , "0"                            , "3355"       , "1028"        , "Gregory Maxwell"                    , "93"             , "3.00"
"540"       , "U.S. Congress District 04", "38"         , "16"             , "16"                 , "0"                            , "3124"       , "1030"        , "U.S. Representative Bruce Westerman", "2551"           , "82.00"
"540"       , "U.S. Congress District 04", "38"         , "16"             , "16"                 , "0"                            , "3124"       , "1029"        , "John White"                         , "492"            , "16.00"
"540"       , "U.S. Congress District 04", "38"         , "16"             , "16"                 , "0"                            , "3124"       , "1028"        , "Gregory Maxwell"                    , "81"             , "3.00"
"540"       , "U.S. Congress District 04", "39"         , "17"             , "17"                 , "0"                            , "6852"       , "1030"        , "U.S. Representative Bruce Westerman", "5737"           , "84.00"
"540"       , "U.S. Congress District 04", "39"         , "17"             , "17"                 , "0"                            , "6852"       , "1029"        , "John White"                         , "874"            , "13.00"
"540"       , "U.S. Congress District 04", "39"         , "17"             , "17"                 , "0"                            , "6852"       , "1028"        , "Gregory Maxwell"                    , "241"            , "4.00"
"540"       , "U.S. Congress District 04", "40"         , "26"             , "26"                 , "0"                            , "2915"       , "1030"        , "U.S. Representative Bruce Westerman", "2494"           , "86.00"
"540"       , "U.S. Congress District 04", "40"         , "26"             , "26"                 , "0"                            , "2915"       , "1029"        , "John White"                         , "333"            , "11.00"
"540"       , "U.S. Congress District 04", "40"         , "26"             , "26"                 , "0"                            , "2915"       , "1028"        , "Gregory Maxwell"                    , "88"             , "3.00"
"540"       , "U.S. Congress District 04", "41"         , "9"              , "9"                  , "0"                            , "3535"       , "1030"        , "U.S. Representative Bruce Westerman", "2902"           , "82.00"
"540"       , "U.S. Congress District 04", "41"         , "9"              , "9"                  , "0"                            , "3535"       , "1029"        , "John White"                         , "529"            , "15.00"
"540"       , "U.S. Congress District 04", "41"         , "9"              , "9"                  , "0"                            , "3535"       , "1028"        , "Gregory Maxwell"                    , "104"            , "3.00"
"540"       , "U.S. Congress District 04", "42"         , "20"             , "20"                 , "0"                            , "3768"       , "1030"        , "U.S. Representative Bruce Westerman", "2886"           , "77.00"
"540"       , "U.S. Congress District 04", "42"         , "20"             , "20"                 , "0"                            , "3768"       , "1029"        , "John White"                         , "777"            , "21.00"
"540"       , "U.S. Congress District 04", "42"         , "20"             , "20"                 , "0"                            , "3768"       , "1028"        , "Gregory Maxwell"                    , "105"            , "3.00"
"540"       , "U.S. Congress District 04", "43"         , "19"             , "19"                 , "0"                            , "11190"      , "1030"        , "U.S. Representative Bruce Westerman", "8588"           , "77.00"
"540"       , "U.S. Congress District 04", "43"         , "19"             , "19"                 , "0"                            , "11190"      , "1029"        , "John White"                         , "2354"           , "21.00"
"540"       , "U.S. Congress District 04", "43"         , "19"             , "19"                 , "0"                            , "11190"      , "1028"        , "Gregory Maxwell"                    , "248"            , "2.00"
"540"       , "U.S. Congress District 04", "45"         , "55"             , "55"                 , "0"                            , "16970"      , "1030"        , "U.S. Representative Bruce Westerman", "13004"          , "77.00"
"540"       , "U.S. Congress District 04", "45"         , "55"             , "55"                 , "0"                            , "16970"      , "1029"        , "John White"                         , "3415"           , "20.00"
"540"       , "U.S. Congress District 04", "45"         , "55"             , "55"                 , "0"                            , "16970"      , "1028"        , "Gregory Maxwell"                    , "551"            , "3.00"
"540"       , "U.S. Congress District 04", "59"         , "32"             , "32"                 , "0"                            , "6271"       , "1030"        , "U.S. Representative Bruce Westerman", "5285"           , "84.00"
"540"       , "U.S. Congress District 04", "59"         , "32"             , "32"                 , "0"                            , "6271"       , "1029"        , "John White"                         , "834"            , "13.00"
"540"       , "U.S. Congress District 04", "59"         , "32"             , "32"                 , "0"                            , "6271"       , "1028"        , "Gregory Maxwell"                    , "152"            , "2.00"
"540"       , "U.S. Congress District 04", "66"         , "36"             , "36"                 , "0"                            , "6192"       , "1030"        , "U.S. Representative Bruce Westerman", "4996"           , "81.00"
"540"       , "U.S. Congress District 04", "66"         , "36"             , "36"                 , "0"                            , "6192"       , "1029"        , "John White"                         , "997"            , "16.00"
"540"       , "U.S. Congress District 04", "66"         , "36"             , "36"                 , "0"                            , "6192"       , "1028"        , "Gregory Maxwell"                    , "199"            , "3.00"
"540"       , "U.S. Congress District 04", "67"         , "28"             , "28"                 , "0"                            , "5250"       , "1030"        , "U.S. Representative Bruce Westerman", "4312"           , "82.00"
"540"       , "U.S. Congress District 04", "67"         , "28"             , "28"                 , "0"                            , "5250"       , "1029"        , "John White"                         , "790"            , "15.00"
"540"       , "U.S. Congress District 04", "67"         , "28"             , "28"                 , "0"                            , "5250"       , "1028"        , "Gregory Maxwell"                    , "148"            , "3.00"
"540"       , "U.S. Congress District 04", "70"         , "19"             , "19"                 , "0"                            , "3039"       , "1030"        , "U.S. Representative Bruce Westerman", "2462"           , "81.00"
"540"       , "U.S. Congress District 04", "70"         , "19"             , "19"                 , "0"                            , "3039"       , "1029"        , "John White"                         , "489"            , "16.00"
"540"       , "U.S. Congress District 04", "70"         , "19"             , "19"                 , "0"                            , "3039"       , "1028"        , "Gregory Maxwell"                    , "88"             , "3.00"
"540"       , "U.S. Congress District 04", "71"         , "49"             , "49"                 , "0"                            , "5214"       , "1030"        , "U.S. Representative Bruce Westerman", "4165"           , "80.00"
"540"       , "U.S. Congress District 04", "71"         , "49"             , "49"                 , "0"                            , "5214"       , "1029"        , "John White"                         , "892"            , "17.00"
"540"       , "U.S. Congress District 04", "71"         , "49"             , "49"                 , "0"                            , "5214"       , "1028"        , "Gregory Maxwell"                    , "157"            , "3.00"
"540"       , "U.S. Congress District 04", "72"         , "11"             , "11"                 , "0"                            , "6939"       , "1030"        , "U.S. Representative Bruce Westerman", "5273"           , "76.00"
"540"       , "U.S. Congress District 04", "72"         , "11"             , "11"                 , "0"                            , "6939"       , "1029"        , "John White"                         , "1424"           , "21.00"
"540"       , "U.S. Congress District 04", "72"         , "11"             , "11"                 , "0"                            , "6939"       , "1028"        , "Gregory Maxwell"                    , "242"            , "3.00"
"540"       , "U.S. Congress District 04", "74"         , "31"             , "31"                 , "0"                            , "9678"       , "1030"        , "U.S. Representative Bruce Westerman", "7381"           , "76.00"
"540"       , "U.S. Congress District 04", "74"         , "31"             , "31"                 , "0"                            , "9678"       , "1029"        , "John White"                         , "1989"           , "21.00"
"540"       , "U.S. Congress District 04", "74"         , "31"             , "31"                 , "0"                            , "9678"       , "1028"        , "Gregory Maxwell"                    , "308"            , "3.00"
"540"       , "U.S. Congress District 04", "75"         , "52"             , "52"                 , "0"                            , "32994"      , "1030"        , "U.S. Representative Bruce Westerman", "23467"          , "71.00"
"540"       , "U.S. Congress District 04", "75"         , "52"             , "52"                 , "0"                            , "32994"      , "1029"        , "John White"                         , "8378"           , "25.00"
"540"       , "U.S. Congress District 04", "75"         , "52"             , "52"                 , "0"                            , "32994"      , "1028"        , "Gregory Maxwell"                    , "1149"           , "3.00"