"Contest ID","Contest Name","Location ID","Total Precincts","Precincts Reporting","Precincts Partially Reporting","Total Votes","Candidate ID","Candidate Name","Candidate Votes","Candidate Vote Percentage"
"366","U.S. President","1","132","132","0","153924","791","Kamala D. Harris/Tim Walz","92038","60.00"
"366","U.S. President","1","132","132","0","153924","789","Donald J. Trump/JD Vance","57977","38.00"
"366","U.S. President","1","132","132","0","153924","794","Robert F. Kennedy, Jr./Nicole Shanahan","1761","1.00"
"366","U.S. President","1","132","132","0","153924","790","Jill Stein/Rudolph Ware","867","1.00"
"366","U.S. President","1","132","132","0","153924","788","Chase Oliver/Mike ter Maat","831","1.00"
"366","U.S. President","1","132","132","0","153924","793","Peter Sonski/Lauren Onak","329","0.00"
"366","U.S. President","1","132","132","0","153924","792","Michael Wood/John G. Pietrowski","121","0.00"
"366","U.S. President","2","21","21","0","7621","789","Donald J. Trump/JD Vance","6023","79.00"
"366","U.S. President","2","21","21","0","7621","791","Kamala D. Harris/Tim Walz","1437","19.00"
"366","U.S. President","2","21","21","0","7621","794","Robert F. Kennedy, Jr./Nicole Shanahan","87","1.00"
"366","U.S. President","2","21","21","0","7621","788","Chase Oliver/Mike ter Maat","33","0.00"
"366","U.S. President","2","21","21","0","7621","790","Jill Stein/Rudolph Ware","19","0.00"
"366","U.S. President","2","21","21","0","7621","793","Peter Sonski/Lauren Onak","15","0.00"
"366","U.S. President","2","21","21","0","7621","792","Michael Wood/John G. Pietrowski","7","0.00"
"366","U.S. President","3","18","18","0","8626","789","Donald J. Trump/JD Vance","5056","59.00"
"366","U.S. President","3","18","18","0","8626","791","Kamala D. Harris/Tim Walz","3412","40.00"
"366","U.S. President","3","18","18","0","8626","794","Robert F. Kennedy, Jr./Nicole Shanahan","79","1.00"
"366","U.S. President","3","18","18","0","8626","788","Chase Oliver/Mike ter Maat","30","0.00"
"366","U.S. President","3","18","18","0","8626","790","Jill Stein/Rudolph Ware","26","0.00"
"366","U.S. President","3","18","18","0","8626","792","Michael Wood/John G. Pietrowski","16","0.00"
"366","U.S. President","3","18","18","0","8626","793","Peter Sonski/Lauren Onak","7","0.00"
"366","U.S. President","4","55","55","0","30620","789","Donald J. Trump/JD Vance","23225","76.00"
"366","U.S. President","4","55","55","0","30620","791","Kamala D. Harris/Tim Walz","6790","22.00"
"366","U.S. President","4","55","55","0","30620","794","Robert F. Kennedy, Jr./Nicole Shanahan","316","1.00"
"366","U.S. President","4","55","55","0","30620","788","Chase Oliver/Mike ter Maat","144","0.00"
"366","U.S. President","4","55","55","0","30620","790","Jill Stein/Rudolph Ware","86","0.00"
"366","U.S. President","4","55","55","0","30620","793","Peter Sonski/Lauren Onak","38","0.00"
"366","U.S. President","4","55","55","0","30620","792","Michael Wood/John G. Pietrowski","21","0.00"
"366","U.S. President","5","28","28","0","5692","789","Donald J. Trump/JD Vance","4608","81.00"
"366","U.S. President","5","28","28","0","5692","791","Kamala D. Harris/Tim Walz","965","17.00"
"366","U.S. President","5","28","28","0","5692","794","Robert F. Kennedy, Jr./Nicole Shanahan","64","1.00"
"366","U.S. President","5","28","28","0","5692","788","Chase Oliver/Mike ter Maat","23","0.00"
"366","U.S. President","5","28","28","0","5692","793","Peter Sonski/Lauren Onak","15","0.00"
"366","U.S. President","5","28","28","0","5692","790","Jill Stein/Rudolph Ware","11","0.00"
"366","U.S. President","5","28","28","0","5692","792","Michael Wood/John G. Pietrowski","6","0.00"
"366","U.S. President","6","20","20","0","2907","789","Donald J. Trump/JD Vance","2002","69.00"
"366","U.S. President","6","20","20","0","2907","791","Kamala D. Harris/Tim Walz","849","29.00"
"366","U.S. President","6","20","20","0","2907","794","Robert F. Kennedy, Jr./Nicole Shanahan","32","1.00"
"366","U.S. President","6","20","20","0","2907","792","Michael Wood/John G. Pietrowski","9","0.00"
"366","U.S. President","6","20","20","0","2907","790","Jill Stein/Rudolph Ware","7","0.00"
"366","U.S. President","6","20","20","0","2907","788","Chase Oliver/Mike ter Maat","5","0.00"
"366","U.S. President","6","20","20","0","2907","793","Peter Sonski/Lauren Onak","3","0.00"
"366","U.S. President","7","20","20","0","7657","789","Donald J. Trump/JD Vance","4526","59.00"
"366","U.S. President","7","20","20","0","7657","791","Kamala D. Harris/Tim Walz","2959","39.00"
"366","U.S. President","7","20","20","0","7657","794","Robert F. Kennedy, Jr./Nicole Shanahan","91","1.00"
"366","U.S. President","7","20","20","0","7657","788","Chase Oliver/Mike ter Maat","36","0.00"
"366","U.S. President","7","20","20","0","7657","790","Jill Stein/Rudolph Ware","23","0.00"
"366","U.S. President","7","20","20","0","7657","793","Peter Sonski/Lauren Onak","14","0.00"
"366","U.S. President","7","20","20","0","7657","792","Michael Wood/John G. Pietrowski","8","0.00"
"366","U.S. President","8","9","9","0","2324","789","Donald J. Trump/JD Vance","1482","64.00"
"366","U.S. President","8","9","9","0","2324","791","Kamala D. Harris/Tim Walz","798","34.00"
"366","U.S. President","8","9","9","0","2324","794","Robert F. Kennedy, Jr./Nicole Shanahan","26","1.00"
"366","U.S. President","8","9","9","0","2324","788","Chase Oliver/Mike ter Maat","9","0.00"
"366","U.S. President","8","9","9","0","2324","790","Jill Stein/Rudolph Ware","5","0.00"
"366","U.S. President","8","9","9","0","2324","792","Michael Wood/John G. Pietrowski","3","0.00"
"366","U.S. President","8","9","9","0","2324","793","Peter Sonski/Lauren Onak","1","0.00"
"366","U.S. President","9","433","433","0","128595","789","Donald J. Trump/JD Vance","79907","62.00"
"366","U.S. President","9","433","433","0","128595","791","Kamala D. Harris/Tim Walz","45231","35.00"
"366","U.S. President","9","433","433","0","128595","794","Robert F. Kennedy, Jr./Nicole Shanahan","1666","1.00"
"366","U.S. President","9","433","433","0","128595","788","Chase Oliver/Mike ter Maat","816","1.00"
"366","U.S. President","9","433","433","0","128595","790","Jill Stein/Rudolph Ware","568","0.00"
"366","U.S. President","9","433","433","0","128595","793","Peter Sonski/Lauren Onak","322","0.00"
"366","U.S. President","9","433","433","0","128595","792","Michael Wood/John G. Pietrowski","85","0.00"
"366","U.S. President","10","17","17","0","14681","791","Kamala D. Harris/Tim Walz","7362","50.00"
"366","U.S. President","10","17","17","0","14681","789","Donald J. Trump/JD Vance","7028","48.00"
"366","U.S. President","10","17","17","0","14681","794","Robert F. Kennedy, Jr./Nicole Shanahan","164","1.00"
"366","U.S. President","10","17","17","0","14681","788","Chase Oliver/Mike ter Maat","56","0.00"
"366","U.S. President","10","17","17","0","14681","790","Jill Stein/Rudolph Ware","40","0.00"
"366","U.S. President","10","17","17","0","14681","792","Michael Wood/John G. Pietrowski","18","0.00"
"366","U.S. President","10","17","17","0","14681","793","Peter Sonski/Lauren Onak","13","0.00"
"366","U.S. President","11","17","17","0","4967","789","Donald J. Trump/JD Vance","3968","80.00"
"366","U.S. President","11","17","17","0","4967","791","Kamala D. Harris/Tim Walz","907","18.00"
"366","U.S. President","11","17","17","0","4967","794","Robert F. Kennedy, Jr./Nicole Shanahan","47","1.00"
"366","U.S. President","11","17","17","0","4967","788","Chase Oliver/Mike ter Maat","23","0.00"
"366","U.S. President","11","17","17","0","4967","790","Jill Stein/Rudolph Ware","15","0.00"
"366","U.S. President","11","17","17","0","4967","793","Peter Sonski/Lauren Onak","5","0.00"
"366","U.S. President","11","17","17","0","4967","792","Michael Wood/John G. Pietrowski","2","0.00"
"366","U.S. President","12","31","31","0","7851","789","Donald J. Trump/JD Vance","6230","79.00"
"366","U.S. President","12","31","31","0","7851","791","Kamala D. Harris/Tim Walz","1501","19.00"
"366","U.S. President","12","31","31","0","7851","794","Robert F. Kennedy, Jr./Nicole Shanahan","66","1.00"
"366","U.S. President","12","31","31","0","7851","788","Chase Oliver/Mike ter Maat","23","0.00"
"366","U.S. President","12","31","31","0","7851","790","Jill Stein/Rudolph Ware","14","0.00"
"366","U.S. President","12","31","31","0","7851","793","Peter Sonski/Lauren Onak","12","0.00"
"366","U.S. President","12","31","31","0","7851","792","Michael Wood/John G. Pietrowski","5","0.00"
"366","U.S. President","13","170","170","0","21608","791","Kamala D. Harris/Tim Walz","12802","59.00"
"366","U.S. President","13","170","170","0","21608","789","Donald J. Trump/JD Vance","8468","39.00"
"366","U.S. President","13","170","170","0","21608","794","Robert F. Kennedy, Jr./Nicole Shanahan","183","1.00"
"366","U.S. President","13","170","170","0","21608","788","Chase Oliver/Mike ter Maat","57","0.00"
"366","U.S. President","13","170","170","0","21608","793","Peter Sonski/Lauren Onak","36","0.00"
"366","U.S. President","13","170","170","0","21608","790","Jill Stein/Rudolph Ware","35","0.00"
"366","U.S. President","13","170","170","0","21608","792","Michael Wood/John G. Pietrowski","27","0.00"
"366","U.S. President","14","11","11","0","4358","789","Donald J. Trump/JD Vance","3746","86.00"
"366","U.S. President","14","11","11","0","4358","791","Kamala D. Harris/Tim Walz","560","13.00"
"366","U.S. President","14","11","11","0","4358","794","Robert F. Kennedy, Jr./Nicole Shanahan","22","1.00"
"366","U.S. President","14","11","11","0","4358","788","Chase Oliver/Mike ter Maat","14","0.00"
"366","U.S. President","14","11","11","0","4358","790","Jill Stein/Rudolph Ware","9","0.00"
"366","U.S. President","14","11","11","0","4358","793","Peter Sonski/Lauren Onak","4","0.00"
"366","U.S. President","14","11","11","0","4358","792","Michael Wood/John G. Pietrowski","3","0.00"
"366","U.S. President","15","24","24","0","6089","789","Donald J. Trump/JD Vance","4193","69.00"
"366","U.S. President","15","24","24","0","6089","791","Kamala D. Harris/Tim Walz","1776","29.00"
"366","U.S. President","15","24","24","0","6089","794","Robert F. Kennedy, Jr./Nicole Shanahan","63","1.00"
"366","U.S. President","15","24","24","0","6089","788","Chase Oliver/Mike ter Maat","26","0.00"
"366","U.S. President","15","24","24","0","6089","790","Jill Stein/Rudolph Ware","19","0.00"
"366","U.S. President","15","24","24","0","6089","792","Michael Wood/John G. Pietrowski","7","0.00"
"366","U.S. President","15","24","24","0","6089","793","Peter Sonski/Lauren Onak","5","0.00"
"366","U.S. President","16","14","14","0","6534","789","Donald J. Trump/JD Vance","4753","73.00"
"366","U.S. President","16","14","14","0","6534","791","Kamala D. Harris/Tim Walz","1642","25.00"
"366","U.S. President","16","14","14","0","6534","794","Robert F. Kennedy, Jr./Nicole Shanahan","78","1.00"
"366","U.S. President","16","14","14","0","6534","788","Chase Oliver/Mike ter Maat","25","0.00"
"366","U.S. President","16","14","14","0","6534","792","Michael Wood/John G. Pietrowski","15","0.00"
"366","U.S. President","16","14","14","0","6534","793","Peter Sonski/Lauren Onak","14","0.00"
"366","U.S. President","16","14","14","0","6534","790","Jill Stein/Rudolph Ware","7","0.00"
"366","U.S. President","17","51","51","0","54465","789","Donald J. Trump/JD Vance","35357","65.00"
"366","U.S. President","17","51","51","0","54465","791","Kamala D. Harris/Tim Walz","17752","33.00"
"366","U.S. President","17","51","51","0","54465","794","Robert F. Kennedy, Jr./Nicole Shanahan","672","1.00"
"366","U.S. President","17","51","51","0","54465","788","Chase Oliver/Mike ter Maat","292","1.00"
"366","U.S. President","17","51","51","0","54465","790","Jill Stein/Rudolph Ware","194","0.00"
"366","U.S. President","17","51","51","0","54465","793","Peter Sonski/Lauren Onak","159","0.00"
"366","U.S. President","17","51","51","0","54465","792","Michael Wood/John G. Pietrowski","39","0.00"
"366","U.S. President","18","14","14","0","3209","789","Donald J. Trump/JD Vance","2213","69.00"
"366","U.S. President","18","14","14","0","3209","791","Kamala D. Harris/Tim Walz","961","30.00"
"366","U.S. President","18","14","14","0","3209","794","Robert F. Kennedy, Jr./Nicole Shanahan","24","1.00"
"366","U.S. President","18","14","14","0","3209","793","Peter Sonski/Lauren Onak","4","0.00"
"366","U.S. President","18","14","14","0","3209","792","Michael Wood/John G. Pietrowski","3","0.00"
"366","U.S. President","18","14","14","0","3209","788","Chase Oliver/Mike ter Maat","2","0.00"
"366","U.S. President","18","14","14","0","3209","790","Jill Stein/Rudolph Ware","2","0.00"
"366","U.S. President","19","8","8","0","2092","789","Donald J. Trump/JD Vance","1674","80.00"
"366","U.S. President","19","8","8","0","2092","791","Kamala D. Harris/Tim Walz","379","18.00"
"366","U.S. President","19","8","8","0","2092","794","Robert F. Kennedy, Jr./Nicole Shanahan","17","1.00"
"366","U.S. President","19","8","8","0","2092","788","Chase Oliver/Mike ter Maat","12","1.00"
"366","U.S. President","19","8","8","0","2092","790","Jill Stein/Rudolph Ware","6","0.00"
"366","U.S. President","19","8","8","0","2092","792","Michael Wood/John G. Pietrowski","4","0.00"
"366","U.S. President","19","8","8","0","2092","793","Peter Sonski/Lauren Onak","0","0.00"
"366","U.S. President","20","16","16","0","10717","789","Donald J. Trump/JD Vance","6963","65.00"
"366","U.S. President","20","16","16","0","10717","791","Kamala D. Harris/Tim Walz","3574","33.00"
"366","U.S. President","20","16","16","0","10717","794","Robert F. Kennedy, Jr./Nicole Shanahan","108","1.00"
"366","U.S. President","20","16","16","0","10717","788","Chase Oliver/Mike ter Maat","39","0.00"
"366","U.S. President","20","16","16","0","10717","790","Jill Stein/Rudolph Ware","11","0.00"
"366","U.S. President","20","16","16","0","10717","792","Michael Wood/John G. Pietrowski","11","0.00"
"366","U.S. President","20","16","16","0","10717","793","Peter Sonski/Lauren Onak","11","0.00"
"366","U.S. President","21","11","11","0","15820","789","Donald J. Trump/JD Vance","12617","80.00"
"366","U.S. President","21","11","11","0","15820","791","Kamala D. Harris/Tim Walz","2935","19.00"
"366","U.S. President","21","11","11","0","15820","794","Robert F. Kennedy, Jr./Nicole Shanahan","166","1.00"
"366","U.S. President","21","11","11","0","15820","788","Chase Oliver/Mike ter Maat","44","0.00"
"366","U.S. President","21","11","11","0","15820","790","Jill Stein/Rudolph Ware","26","0.00"
"366","U.S. President","21","11","11","0","15820","792","Michael Wood/John G. Pietrowski","16","0.00"
"366","U.S. President","21","11","11","0","15820","793","Peter Sonski/Lauren Onak","16","0.00"
"366","U.S. President","22","9","9","0","2325","789","Donald J. Trump/JD Vance","1589","68.00"
"366","U.S. President","22","9","9","0","2325","791","Kamala D. Harris/Tim Walz","698","30.00"
"366","U.S. President","22","9","9","0","2325","794","Robert F. Kennedy, Jr./Nicole Shanahan","20","1.00"
"366","U.S. President","22","9","9","0","2325","792","Michael Wood/John G. Pietrowski","7","0.00"
"366","U.S. President","22","9","9","0","2325","790","Jill Stein/Rudolph Ware","4","0.00"
"366","U.S. President","22","9","9","0","2325","793","Peter Sonski/Lauren Onak","4","0.00"
"366","U.S. President","22","9","9","0","2325","788","Chase Oliver/Mike ter Maat","3","0.00"
"366","U.S. President","23","14","14","0","7940","789","Donald J. Trump/JD Vance","5367","68.00"
"366","U.S. President","23","14","14","0","7940","791","Kamala D. Harris/Tim Walz","2466","31.00"
"366","U.S. President","23","14","14","0","7940","794","Robert F. Kennedy, Jr./Nicole Shanahan","58","1.00"
"366","U.S. President","23","14","14","0","7940","788","Chase Oliver/Mike ter Maat","23","0.00"
"366","U.S. President","23","14","14","0","7940","790","Jill Stein/Rudolph Ware","14","0.00"
"366","U.S. President","23","14","14","0","7940","793","Peter Sonski/Lauren Onak","7","0.00"
"366","U.S. President","23","14","14","0","7940","792","Michael Wood/John G. Pietrowski","5","0.00"
"366","U.S. President","24","30","30","0","7030","789","Donald J. Trump/JD Vance","5145","73.00"
"366","U.S. President","24","30","30","0","7030","791","Kamala D. Harris/Tim Walz","1774","25.00"
"366","U.S. President","24","30","30","0","7030","794","Robert F. Kennedy, Jr./Nicole Shanahan","53","1.00"
"366","U.S. President","24","30","30","0","7030","793","Peter Sonski/Lauren Onak","18","0.00"
"366","U.S. President","24","30","30","0","7030","790","Jill Stein/Rudolph Ware","15","0.00"
"366","U.S. President","24","30","30","0","7030","792","Michael Wood/John G. Pietrowski","14","0.00"
"366","U.S. President","24","30","30","0","7030","788","Chase Oliver/Mike ter Maat","11","0.00"
"366","U.S. President","25","7","7","0","3490","791","Kamala D. Harris/Tim Walz","1796","51.00"
"366","U.S. President","25","7","7","0","3490","789","Donald J. Trump/JD Vance","1658","48.00"
"366","U.S. President","25","7","7","0","3490","794","Robert F. Kennedy, Jr./Nicole Shanahan","16","0.00"
"366","U.S. President","25","7","7","0","3490","790","Jill Stein/Rudolph Ware","9","0.00"
"366","U.S. President","25","7","7","0","3490","788","Chase Oliver/Mike ter Maat","6","0.00"
"366","U.S. President","25","7","7","0","3490","792","Michael Wood/John G. Pietrowski","3","0.00"
"366","U.S. President","25","7","7","0","3490","793","Peter Sonski/Lauren Onak","2","0.00"
"366","U.S. President","26","17","17","0","3374","789","Donald J. Trump/JD Vance","2804","83.00"
"366","U.S. President","26","17","17","0","3374","791","Kamala D. Harris/Tim Walz","524","16.00"
"366","U.S. President","26","17","17","0","3374","794","Robert F. Kennedy, Jr./Nicole Shanahan","25","1.00"
"366","U.S. President","26","17","17","0","3374","788","Chase Oliver/Mike ter Maat","7","0.00"
"366","U.S. President","26","17","17","0","3374","792","Michael Wood/John G. Pietrowski","7","0.00"
"366","U.S. President","26","17","17","0","3374","790","Jill Stein/Rudolph Ware","6","0.00"
"366","U.S. President","26","17","17","0","3374","793","Peter Sonski/Lauren Onak","1","0.00"
"366","U.S. President","27","12","12","0","7079","789","Donald J. Trump/JD Vance","5731","81.00"
"366","U.S. President","27","12","12","0","7079","791","Kamala D. Harris/Tim Walz","1235","17.00"
"366","U.S. President","27","12","12","0","7079","794","Robert F. Kennedy, Jr./Nicole Shanahan","69","1.00"
"366","U.S. President","27","12","12","0","7079","788","Chase Oliver/Mike ter Maat","18","0.00"
"366","U.S. President","27","12","12","0","7079","790","Jill Stein/Rudolph Ware","11","0.00"
"366","U.S. President","27","12","12","0","7079","793","Peter Sonski/Lauren Onak","8","0.00"
"366","U.S. President","27","12","12","0","7079","792","Michael Wood/John G. Pietrowski","7","0.00"
"366","U.S. President","28","53","53","0","37242","789","Donald J. Trump/JD Vance","25152","68.00"
"366","U.S. President","28","53","53","0","37242","791","Kamala D. Harris/Tim Walz","11210","30.00"
"366","U.S. President","28","53","53","0","37242","794","Robert F. Kennedy, Jr./Nicole Shanahan","444","1.00"
"366","U.S. President","28","53","53","0","37242","788","Chase Oliver/Mike ter Maat","197","1.00"
"366","U.S. President","28","53","53","0","37242","790","Jill Stein/Rudolph Ware","138","0.00"
"366","U.S. President","28","53","53","0","37242","793","Peter Sonski/Lauren Onak","72","0.00"
"366","U.S. President","28","53","53","0","37242","792","Michael Wood/John G. Pietrowski","29","0.00"
"366","U.S. President","29","10","10","0","5043","789","Donald J. Trump/JD Vance","4040","80.00"
"366","U.S. President","29","10","10","0","5043","791","Kamala D. Harris/Tim Walz","906","18.00"
"366","U.S. President","29","10","10","0","5043","794","Robert F. Kennedy, Jr./Nicole Shanahan","65","1.00"
"366","U.S. President","29","10","10","0","5043","788","Chase Oliver/Mike ter Maat","19","0.00"
"366","U.S. President","29","10","10","0","5043","790","Jill Stein/Rudolph Ware","9","0.00"
"366","U.S. President","29","10","10","0","5043","792","Michael Wood/John G. Pietrowski","2","0.00"
"366","U.S. President","29","10","10","0","5043","793","Peter Sonski/Lauren Onak","2","0.00"
"366","U.S. President","30","17","17","0","6365","789","Donald J. Trump/JD Vance","4203","66.00"
"366","U.S. President","30","17","17","0","6365","791","Kamala D. Harris/Tim Walz","2050","32.00"
"366","U.S. President","30","17","17","0","6365","794","Robert F. Kennedy, Jr./Nicole Shanahan","61","1.00"
"366","U.S. President","30","17","17","0","6365","788","Chase Oliver/Mike ter Maat","24","0.00"
"366","U.S. President","30","17","17","0","6365","790","Jill Stein/Rudolph Ware","18","0.00"
"366","U.S. President","30","17","17","0","6365","792","Michael Wood/John G. Pietrowski","6","0.00"
"366","U.S. President","30","17","17","0","6365","793","Peter Sonski/Lauren Onak","3","0.00"
"366","U.S. President","31","30","30","0","8759","789","Donald J. Trump/JD Vance","5962","68.00"
"366","U.S. President","31","30","30","0","8759","791","Kamala D. Harris/Tim Walz","2594","30.00"
"366","U.S. President","31","30","30","0","8759","794","Robert F. Kennedy, Jr./Nicole Shanahan","107","1.00"
"366","U.S. President","31","30","30","0","8759","788","Chase Oliver/Mike ter Maat","39","0.00"
"366","U.S. President","31","30","30","0","8759","790","Jill Stein/Rudolph Ware","29","0.00"
"366","U.S. President","31","30","30","0","8759","793","Peter Sonski/Lauren Onak","18","0.00"
"366","U.S. President","31","30","30","0","8759","792","Michael Wood/John G. Pietrowski","10","0.00"
"366","U.S. President","32","11","11","0","11538","789","Donald J. Trump/JD Vance","7470","65.00"
"366","U.S. President","32","11","11","0","11538","791","Kamala D. Harris/Tim Walz","3812","33.00"
"366","U.S. President","32","11","11","0","11538","794","Robert F. Kennedy, Jr./Nicole Shanahan","136","1.00"
"366","U.S. President","32","11","11","0","11538","788","Chase Oliver/Mike ter Maat","51","0.00"
"366","U.S. President","32","11","11","0","11538","790","Jill Stein/Rudolph Ware","46","0.00"
"366","U.S. President","32","11","11","0","11538","793","Peter Sonski/Lauren Onak","15","0.00"
"366","U.S. President","32","11","11","0","11538","792","Michael Wood/John G. Pietrowski","8","0.00"
"366","U.S. President","33","12","12","0","17112","789","Donald J. Trump/JD Vance","13968","82.00"
"366","U.S. President","33","12","12","0","17112","791","Kamala D. Harris/Tim Walz","2854","17.00"
"366","U.S. President","33","12","12","0","17112","794","Robert F. Kennedy, Jr./Nicole Shanahan","180","1.00"
"366","U.S. President","33","12","12","0","17112","788","Chase Oliver/Mike ter Maat","41","0.00"
"366","U.S. President","33","12","12","0","17112","790","Jill Stein/Rudolph Ware","37","0.00"
"366","U.S. President","33","12","12","0","17112","793","Peter Sonski/Lauren Onak","23","0.00"
"366","U.S. President","33","12","12","0","17112","792","Michael Wood/John G. Pietrowski","9","0.00"
"366","U.S. President","34","29","29","0","6636","789","Donald J. Trump/JD Vance","5367","81.00"
"366","U.S. President","34","29","29","0","6636","791","Kamala D. Harris/Tim Walz","1138","17.00"
"366","U.S. President","34","29","29","0","6636","794","Robert F. Kennedy, Jr./Nicole Shanahan","74","1.00"
"366","U.S. President","34","29","29","0","6636","788","Chase Oliver/Mike ter Maat","29","0.00"
"366","U.S. President","34","29","29","0","6636","790","Jill Stein/Rudolph Ware","13","0.00"
"366","U.S. President","34","29","29","0","6636","793","Peter Sonski/Lauren Onak","11","0.00"
"366","U.S. President","34","29","29","0","6636","792","Michael Wood/John G. Pietrowski","4","0.00"
"366","U.S. President","35","9","9","0","4473","789","Donald J. Trump/JD Vance","3246","73.00"
"366","U.S. President","35","9","9","0","4473","791","Kamala D. Harris/Tim Walz","1158","26.00"
"366","U.S. President","35","9","9","0","4473","794","Robert F. Kennedy, Jr./Nicole Shanahan","43","1.00"
"366","U.S. President","35","9","9","0","4473","788","Chase Oliver/Mike ter Maat","11","0.00"
"366","U.S. President","35","9","9","0","4473","790","Jill Stein/Rudolph Ware","5","0.00"
"366","U.S. President","35","9","9","0","4473","792","Michael Wood/John G. Pietrowski","5","0.00"
"366","U.S. President","35","9","9","0","4473","793","Peter Sonski/Lauren Onak","5","0.00"
"366","U.S. President","36","28","28","0","15448","789","Donald J. Trump/JD Vance","10196","66.00"
"366","U.S. President","36","28","28","0","15448","791","Kamala D. Harris/Tim Walz","5019","32.00"
"366","U.S. President","36","28","28","0","15448","794","Robert F. Kennedy, Jr./Nicole Shanahan","113","1.00"
"366","U.S. President","36","28","28","0","15448","788","Chase Oliver/Mike ter Maat","47","0.00"
"366","U.S. President","36","28","28","0","15448","790","Jill Stein/Rudolph Ware","29","0.00"
"366","U.S. President","36","28","28","0","15448","793","Peter Sonski/Lauren Onak","27","0.00"
"366","U.S. President","36","28","28","0","15448","792","Michael Wood/John G. Pietrowski","17","0.00"
"366","U.S. President","37","220","220","0","45452","789","Donald J. Trump/JD Vance","30719","68.00"
"366","U.S. President","37","220","220","0","45452","791","Kamala D. Harris/Tim Walz","13652","30.00"
"366","U.S. President","37","220","220","0","45452","794","Robert F. Kennedy, Jr./Nicole Shanahan","493","1.00"
"366","U.S. President","37","220","220","0","45452","788","Chase Oliver/Mike ter Maat","259","1.00"
"366","U.S. President","37","220","220","0","45452","790","Jill Stein/Rudolph Ware","189","0.00"
"366","U.S. President","37","220","220","0","45452","793","Peter Sonski/Lauren Onak","104","0.00"
"366","U.S. President","37","220","220","0","45452","792","Michael Wood/John G. Pietrowski","36","0.00"
"366","U.S. President","38","16","16","0","3707","789","Donald J. Trump/JD Vance","2987","81.00"
"366","U.S. President","38","16","16","0","3707","791","Kamala D. Harris/Tim Walz","645","17.00"
"366","U.S. President","38","16","16","0","3707","794","Robert F. Kennedy, Jr./Nicole Shanahan","40","1.00"
"366","U.S. President","38","16","16","0","3707","790","Jill Stein/Rudolph Ware","17","0.00"
"366","U.S. President","38","16","16","0","3707","788","Chase Oliver/Mike ter Maat","9","0.00"
"366","U.S. President","38","16","16","0","3707","793","Peter Sonski/Lauren Onak","6","0.00"
"366","U.S. President","38","16","16","0","3707","792","Michael Wood/John G. Pietrowski","3","0.00"
"366","U.S. President","39","17","17","0","8288","789","Donald J. Trump/JD Vance","6987","84.00"
"366","U.S. President","39","17","17","0","8288","791","Kamala D. Harris/Tim Walz","1145","14.00"
"366","U.S. President","39","17","17","0","8288","794","Robert F. Kennedy, Jr./Nicole Shanahan","94","1.00"
"366","U.S. President","39","17","17","0","8288","788","Chase Oliver/Mike ter Maat","34","0.00"
"366","U.S. President","39","17","17","0","8288","790","Jill Stein/Rudolph Ware","18","0.00"
"366","U.S. President","39","17","17","0","8288","793","Peter Sonski/Lauren Onak","9","0.00"
"366","U.S. President","39","17","17","0","8288","792","Michael Wood/John G. Pietrowski","1","0.00"
"366","U.S. President","40","26","26","0","3384","789","Donald J. Trump/JD Vance","2913","86.00"
"366","U.S. President","40","26","26","0","3384","791","Kamala D. Harris/Tim Walz","425","13.00"
"366","U.S. President","40","26","26","0","3384","794","Robert F. Kennedy, Jr./Nicole Shanahan","18","1.00"
"366","U.S. President","40","26","26","0","3384","788","Chase Oliver/Mike ter Maat","14","0.00"
"366","U.S. President","40","26","26","0","3384","792","Michael Wood/John G. Pietrowski","8","0.00"
"366","U.S. President","40","26","26","0","3384","793","Peter Sonski/Lauren Onak","4","0.00"
"366","U.S. President","40","26","26","0","3384","790","Jill Stein/Rudolph Ware","2","0.00"
"366","U.S. President","41","9","9","0","4714","789","Donald J. Trump/JD Vance","3772","80.00"
"366","U.S. President","41","9","9","0","4714","791","Kamala D. Harris/Tim Walz","862","18.00"
"366","U.S. President","41","9","9","0","4714","794","Robert F. Kennedy, Jr./Nicole Shanahan","36","1.00"
"366","U.S. President","41","9","9","0","4714","788","Chase Oliver/Mike ter Maat","19","0.00"
"366","U.S. President","41","9","9","0","4714","790","Jill Stein/Rudolph Ware","10","0.00"
"366","U.S. President","41","9","9","0","4714","793","Peter Sonski/Lauren Onak","8","0.00"
"366","U.S. President","41","9","9","0","4714","792","Michael Wood/John G. Pietrowski","7","0.00"
"366","U.S. President","42","20","20","0","4899","789","Donald J. Trump/JD Vance","3744","76.00"
"366","U.S. President","42","20","20","0","4899","791","Kamala D. Harris/Tim Walz","1084","22.00"
"366","U.S. President","42","20","20","0","4899","794","Robert F. Kennedy, Jr./Nicole Shanahan","36","1.00"
"366","U.S. President","42","20","20","0","4899","788","Chase Oliver/Mike ter Maat","16","0.00"
"366","U.S. President","42","20","20","0","4899","790","Jill Stein/Rudolph Ware","9","0.00"
"366","U.S. President","42","20","20","0","4899","792","Michael Wood/John G. Pietrowski","7","0.00"
"366","U.S. President","42","20","20","0","4899","793","Peter Sonski/Lauren Onak","3","0.00"
"366","U.S. President","43","19","19","0","15803","789","Donald J. Trump/JD Vance","11842","75.00"
"366","U.S. President","43","19","19","0","15803","791","Kamala D. Harris/Tim Walz","3769","24.00"
"366","U.S. President","43","19","19","0","15803","794","Robert F. Kennedy, Jr./Nicole Shanahan","98","1.00"
"366","U.S. President","43","19","19","0","15803","788","Chase Oliver/Mike ter Maat","45","0.00"
"366","U.S. President","43","19","19","0","15803","790","Jill Stein/Rudolph Ware","30","0.00"
"366","U.S. President","43","19","19","0","15803","793","Peter Sonski/Lauren Onak","10","0.00"
"366","U.S. President","43","19","19","0","15803","792","Michael Wood/John G. Pietrowski","9","0.00"
"366","U.S. President","44","18","18","0","6030","789","Donald J. Trump/JD Vance","4808","80.00"
"366","U.S. President","44","18","18","0","6030","791","Kamala D. Harris/Tim Walz","1089","18.00"
"366","U.S. President","44","18","18","0","6030","794","Robert F. Kennedy, Jr./Nicole Shanahan","73","1.00"
"366","U.S. President","44","18","18","0","6030","788","Chase Oliver/Mike ter Maat","23","0.00"
"366","U.S. President","44","18","18","0","6030","790","Jill Stein/Rudolph Ware","19","0.00"
"366","U.S. President","44","18","18","0","6030","793","Peter Sonski/Lauren Onak","11","0.00"
"366","U.S. President","44","18","18","0","6030","792","Michael Wood/John G. Pietrowski","7","0.00"
"366","U.S. President","45","56","56","0","24191","789","Donald J. Trump/JD Vance","18118","75.00"
"366","U.S. President","45","56","56","0","24191","791","Kamala D. Harris/Tim Walz","5487","23.00"
"366","U.S. President","45","56","56","0","24191","794","Robert F. Kennedy, Jr./Nicole Shanahan","336","1.00"
"366","U.S. President","45","56","56","0","24191","788","Chase Oliver/Mike ter Maat","115","0.00"
"366","U.S. President","45","56","56","0","24191","790","Jill Stein/Rudolph Ware","80","0.00"
"366","U.S. President","45","56","56","0","24191","793","Peter Sonski/Lauren Onak","38","0.00"
"366","U.S. President","45","56","56","0","24191","792","Michael Wood/John G. Pietrowski","17","0.00"
"366","U.S. President","46","233","233","0","97158","789","Donald J. Trump/JD Vance","50243","52.00"
"366","U.S. President","46","233","233","0","97158","791","Kamala D. Harris/Tim Walz","43779","45.00"
"366","U.S. President","46","233","233","0","97158","794","Robert F. Kennedy, Jr./Nicole Shanahan","1384","1.00"
"366","U.S. President","46","233","233","0","97158","790","Jill Stein/Rudolph Ware","719","1.00"
"366","U.S. President","46","233","233","0","97158","788","Chase Oliver/Mike ter Maat","656","1.00"
"366","U.S. President","46","233","233","0","97158","793","Peter Sonski/Lauren Onak","283","0.00"
"366","U.S. President","46","233","233","0","97158","792","Michael Wood/John G. Pietrowski","94","0.00"
"366","U.S. President","47","13","13","0","23834","789","Donald J. Trump/JD Vance","18615","78.00"
"366","U.S. President","47","13","13","0","23834","791","Kamala D. Harris/Tim Walz","4753","20.00"
"366","U.S. President","47","13","13","0","23834","794","Robert F. Kennedy, Jr./Nicole Shanahan","239","1.00"
"366","U.S. President","47","13","13","0","23834","788","Chase Oliver/Mike ter Maat","116","0.00"
"366","U.S. President","47","13","13","0","23834","790","Jill Stein/Rudolph Ware","66","0.00"
"366","U.S. President","47","13","13","0","23834","793","Peter Sonski/Lauren Onak","32","0.00"
"366","U.S. President","47","13","13","0","23834","792","Michael Wood/John G. Pietrowski","13","0.00"
"366","U.S. President","48","45","45","0","5925","789","Donald J. Trump/JD Vance","4854","82.00"
"366","U.S. President","48","45","45","0","5925","791","Kamala D. Harris/Tim Walz","949","16.00"
"366","U.S. President","48","45","45","0","5925","794","Robert F. Kennedy, Jr./Nicole Shanahan","75","1.00"
"366","U.S. President","48","45","45","0","5925","788","Chase Oliver/Mike ter Maat","21","0.00"
"366","U.S. President","48","45","45","0","5925","790","Jill Stein/Rudolph Ware","15","0.00"
"366","U.S. President","48","45","45","0","5925","792","Michael Wood/John G. Pietrowski","7","0.00"
"366","U.S. President","48","45","45","0","5925","793","Peter Sonski/Lauren Onak","4","0.00"
"366","U.S. President","49","11","11","0","20954","789","Donald J. Trump/JD Vance","16253","78.00"
"366","U.S. President","49","11","11","0","20954","791","Kamala D. Harris/Tim Walz","4341","21.00"
"366","U.S. President","49","11","11","0","20954","794","Robert F. Kennedy, Jr./Nicole Shanahan","190","1.00"
"366","U.S. President","49","11","11","0","20954","788","Chase Oliver/Mike ter Maat","82","0.00"
"366","U.S. President","49","11","11","0","20954","790","Jill Stein/Rudolph Ware","46","0.00"
"366","U.S. President","49","11","11","0","20954","793","Peter Sonski/Lauren Onak","23","0.00"
"366","U.S. President","49","11","11","0","20954","792","Michael Wood/John G. Pietrowski","19","0.00"
"366","U.S. President","50","15","15","0","3869","789","Donald J. Trump/JD Vance","3305","85.00"
"366","U.S. President","50","15","15","0","3869","791","Kamala D. Harris/Tim Walz","511","13.00"
"366","U.S. President","50","15","15","0","3869","794","Robert F. Kennedy, Jr./Nicole Shanahan","27","1.00"
"366","U.S. President","50","15","15","0","3869","788","Chase Oliver/Mike ter Maat","13","0.00"
"366","U.S. President","50","15","15","0","3869","790","Jill Stein/Rudolph Ware","7","0.00"
"366","U.S. President","50","15","15","0","3869","793","Peter Sonski/Lauren Onak","4","0.00"
"366","U.S. President","50","15","15","0","3869","792","Michael Wood/John G. Pietrowski","2","0.00"
"366","U.S. President","51","25","25","0","7437","789","Donald J. Trump/JD Vance","5978","80.00"
"366","U.S. President","51","25","25","0","7437","791","Kamala D. Harris/Tim Walz","1316","18.00"
"366","U.S. President","51","25","25","0","7437","794","Robert F. Kennedy, Jr./Nicole Shanahan","77","1.00"
"366","U.S. President","51","25","25","0","7437","788","Chase Oliver/Mike ter Maat","34","0.00"
"366","U.S. President","51","25","25","0","7437","790","Jill Stein/Rudolph Ware","18","0.00"
"366","U.S. President","51","25","25","0","7437","793","Peter Sonski/Lauren Onak","10","0.00"
"366","U.S. President","51","25","25","0","7437","792","Michael Wood/John G. Pietrowski","4","0.00"
"366","U.S. President","52","15","15","0","5979","791","Kamala D. Harris/Tim Walz","2953","49.00"
"366","U.S. President","52","15","15","0","5979","789","Donald J. Trump/JD Vance","2909","49.00"
"366","U.S. President","52","15","15","0","5979","794","Robert F. Kennedy, Jr./Nicole Shanahan","63","1.00"
"366","U.S. President","52","15","15","0","5979","788","Chase Oliver/Mike ter Maat","23","0.00"
"366","U.S. President","52","15","15","0","5979","792","Michael Wood/John G. Pietrowski","12","0.00"
"366","U.S. President","52","15","15","0","5979","793","Peter Sonski/Lauren Onak","10","0.00"
"366","U.S. President","52","15","15","0","5979","790","Jill Stein/Rudolph Ware","9","0.00"
"366","U.S. President","53","9","9","0","2520","791","Kamala D. Harris/Tim Walz","1270","50.00"
"366","U.S. President","53","9","9","0","2520","789","Donald J. Trump/JD Vance","1181","47.00"
"366","U.S. President","53","9","9","0","2520","792","Michael Wood/John G. Pietrowski","31","1.00"
"366","U.S. President","53","9","9","0","2520","794","Robert F. Kennedy, Jr./Nicole Shanahan","24","1.00"
"366","U.S. President","53","9","9","0","2520","790","Jill Stein/Rudolph Ware","7","0.00"
"366","U.S. President","53","9","9","0","2520","788","Chase Oliver/Mike ter Maat","5","0.00"
"366","U.S. President","53","9","9","0","2520","793","Peter Sonski/Lauren Onak","2","0.00"
"366","U.S. President","54","20","20","0","2318","789","Donald J. Trump/JD Vance","1513","65.00"
"366","U.S. President","54","20","20","0","2318","791","Kamala D. Harris/Tim Walz","760","33.00"
"366","U.S. President","54","20","20","0","2318","794","Robert F. Kennedy, Jr./Nicole Shanahan","26","1.00"
"366","U.S. President","54","20","20","0","2318","792","Michael Wood/John G. Pietrowski","10","0.00"
"366","U.S. President","54","20","20","0","2318","788","Chase Oliver/Mike ter Maat","4","0.00"
"366","U.S. President","54","20","20","0","2318","793","Peter Sonski/Lauren Onak","3","0.00"
"366","U.S. President","54","20","20","0","2318","790","Jill Stein/Rudolph Ware","2","0.00"
"366","U.S. President","55","24","24","0","2433","789","Donald J. Trump/JD Vance","1385","57.00"
"366","U.S. President","55","24","24","0","2433","791","Kamala D. Harris/Tim Walz","1002","41.00"
"366","U.S. President","55","24","24","0","2433","794","Robert F. Kennedy, Jr./Nicole Shanahan","28","1.00"
"366","U.S. President","55","24","24","0","2433","788","Chase Oliver/Mike ter Maat","9","0.00"
"366","U.S. President","55","24","24","0","2433","792","Michael Wood/John G. Pietrowski","5","0.00"
"366","U.S. President","55","24","24","0","2433","790","Jill Stein/Rudolph Ware","3","0.00"
"366","U.S. President","55","24","24","0","2433","793","Peter Sonski/Lauren Onak","1","0.00"
"366","U.S. President","56","10","10","0","4938","791","Kamala D. Harris/Tim Walz","2754","56.00"
"366","U.S. President","56","10","10","0","4938","789","Donald J. Trump/JD Vance","2098","42.00"
"366","U.S. President","56","10","10","0","4938","794","Robert F. Kennedy, Jr./Nicole Shanahan","47","1.00"
"366","U.S. President","56","10","10","0","4938","788","Chase Oliver/Mike ter Maat","14","0.00"
"366","U.S. President","56","10","10","0","4938","792","Michael Wood/John G. Pietrowski","11","0.00"
"366","U.S. President","56","10","10","0","4938","790","Jill Stein/Rudolph Ware","8","0.00"
"366","U.S. President","56","10","10","0","4938","793","Peter Sonski/Lauren Onak","6","0.00"
"366","U.S. President","57","30","30","0","5547","789","Donald J. Trump/JD Vance","3951","71.00"
"366","U.S. President","57","30","30","0","5547","791","Kamala D. Harris/Tim Walz","1503","27.00"
"366","U.S. President","57","30","30","0","5547","794","Robert F. Kennedy, Jr./Nicole Shanahan","43","1.00"
"366","U.S. President","57","30","30","0","5547","790","Jill Stein/Rudolph Ware","22","0.00"
"366","U.S. President","57","30","30","0","5547","788","Chase Oliver/Mike ter Maat","21","0.00"
"366","U.S. President","57","30","30","0","5547","792","Michael Wood/John G. Pietrowski","4","0.00"
"366","U.S. President","57","30","30","0","5547","793","Peter Sonski/Lauren Onak","3","0.00"
"366","U.S. President","58","24","24","0","3200","789","Donald J. Trump/JD Vance","2628","82.00"
"366","U.S. President","58","24","24","0","3200","791","Kamala D. Harris/Tim Walz","524","16.00"
"366","U.S. President","58","24","24","0","3200","794","Robert F. Kennedy, Jr./Nicole Shanahan","20","1.00"
"366","U.S. President","58","24","24","0","3200","788","Chase Oliver/Mike ter Maat","13","0.00"
"366","U.S. President","58","24","24","0","3200","790","Jill Stein/Rudolph Ware","8","0.00"
"366","U.S. President","58","24","24","0","3200","793","Peter Sonski/Lauren Onak","4","0.00"
"366","U.S. President","58","24","24","0","3200","792","Michael Wood/John G. Pietrowski","3","0.00"
"366","U.S. President","59","18","18","0","8078","789","Donald J. Trump/JD Vance","6755","84.00"
"366","U.S. President","59","18","18","0","8078","791","Kamala D. Harris/Tim Walz","1192","15.00"
"366","U.S. President","59","18","18","0","8078","794","Robert F. Kennedy, Jr./Nicole Shanahan","65","1.00"
"366","U.S. President","59","18","18","0","8078","788","Chase Oliver/Mike ter Maat","34","0.00"
"366","U.S. President","59","18","18","0","8078","790","Jill Stein/Rudolph Ware","19","0.00"
"366","U.S. President","59","18","18","0","8078","792","Michael Wood/John G. Pietrowski","7","0.00"
"366","U.S. President","59","18","18","0","8078","793","Peter Sonski/Lauren Onak","6","0.00"
"366","U.S. President","60","21","21","0","3505","789","Donald J. Trump/JD Vance","1805","51.00"
"366","U.S. President","60","21","21","0","3505","791","Kamala D. Harris/Tim Walz","1638","47.00"
"366","U.S. President","60","21","21","0","3505","794","Robert F. Kennedy, Jr./Nicole Shanahan","25","1.00"
"366","U.S. President","60","21","21","0","3505","792","Michael Wood/John G. Pietrowski","15","0.00"
"366","U.S. President","60","21","21","0","3505","793","Peter Sonski/Lauren Onak","9","0.00"
"366","U.S. President","60","21","21","0","3505","788","Chase Oliver/Mike ter Maat","8","0.00"
"366","U.S. President","60","21","21","0","3505","790","Jill Stein/Rudolph Ware","5","0.00"
"366","U.S. President","61","26","26","0","3372","789","Donald J. Trump/JD Vance","2502","74.00"
"366","U.S. President","61","26","26","0","3372","791","Kamala D. Harris/Tim Walz","813","24.00"
"366","U.S. President","61","26","26","0","3372","794","Robert F. Kennedy, Jr./Nicole Shanahan","27","1.00"
"366","U.S. President","61","26","26","0","3372","788","Chase Oliver/Mike ter Maat","13","0.00"
"366","U.S. President","61","26","26","0","3372","790","Jill Stein/Rudolph Ware","11","0.00"
"366","U.S. President","61","26","26","0","3372","792","Michael Wood/John G. Pietrowski","3","0.00"
"366","U.S. President","61","26","26","0","3372","793","Peter Sonski/Lauren Onak","3","0.00"
"366","U.S. President","62","34","34","0","14011","789","Donald J. Trump/JD Vance","11023","79.00"
"366","U.S. President","62","34","34","0","14011","791","Kamala D. Harris/Tim Walz","2689","19.00"
"366","U.S. President","62","34","34","0","14011","794","Robert F. Kennedy, Jr./Nicole Shanahan","160","1.00"
"366","U.S. President","62","34","34","0","14011","788","Chase Oliver/Mike ter Maat","63","0.00"
"366","U.S. President","62","34","34","0","14011","790","Jill Stein/Rudolph Ware","34","0.00"
"366","U.S. President","62","34","34","0","14011","793","Peter Sonski/Lauren Onak","22","0.00"
"366","U.S. President","62","34","34","0","14011","792","Michael Wood/John G. Pietrowski","20","0.00"
"366","U.S. President","63","34","34","0","12739","789","Donald J. Trump/JD Vance","10595","83.00"
"366","U.S. President","63","34","34","0","12739","791","Kamala D. Harris/Tim Walz","1941","15.00"
"366","U.S. President","63","34","34","0","12739","794","Robert F. Kennedy, Jr./Nicole Shanahan","114","1.00"
"366","U.S. President","63","34","34","0","12739","788","Chase Oliver/Mike ter Maat","49","0.00"
"366","U.S. President","63","34","34","0","12739","790","Jill Stein/Rudolph Ware","17","0.00"
"366","U.S. President","63","34","34","0","12739","792","Michael Wood/John G. Pietrowski","14","0.00"
"366","U.S. President","63","34","34","0","12739","793","Peter Sonski/Lauren Onak","9","0.00"
"366","U.S. President","64","45","45","0","4775","789","Donald J. Trump/JD Vance","3509","73.00"
"366","U.S. President","64","45","45","0","4775","791","Kamala D. Harris/Tim Walz","1183","25.00"
"366","U.S. President","64","45","45","0","4775","794","Robert F. Kennedy, Jr./Nicole Shanahan","40","1.00"
"366","U.S. President","64","45","45","0","4775","788","Chase Oliver/Mike ter Maat","22","0.00"
"366","U.S. President","64","45","45","0","4775","790","Jill Stein/Rudolph Ware","8","0.00"
"366","U.S. President","64","45","45","0","4775","792","Michael Wood/John G. Pietrowski","8","0.00"
"366","U.S. President","64","45","45","0","4775","793","Peter Sonski/Lauren Onak","5","0.00"
"366","U.S. President","65","92","92","0","32518","789","Donald J. Trump/JD Vance","25785","79.00"
"366","U.S. President","65","92","92","0","32518","791","Kamala D. Harris/Tim Walz","6011","18.00"
"366","U.S. President","65","92","92","0","32518","794","Robert F. Kennedy, Jr./Nicole Shanahan","376","1.00"
"366","U.S. President","65","92","92","0","32518","788","Chase Oliver/Mike ter Maat","167","1.00"
"366","U.S. President","65","92","92","0","32518","790","Jill Stein/Rudolph Ware","78","0.00"
"366","U.S. President","65","92","92","0","32518","793","Peter Sonski/Lauren Onak","60","0.00"
"366","U.S. President","65","92","92","0","32518","792","Michael Wood/John G. Pietrowski","41","0.00"
"366","U.S. President","66","36","36","0","8205","789","Donald J. Trump/JD Vance","6567","80.00"
"366","U.S. President","66","36","36","0","8205","791","Kamala D. Harris/Tim Walz","1464","18.00"
"366","U.S. President","66","36","36","0","8205","794","Robert F. Kennedy, Jr./Nicole Shanahan","90","1.00"
"366","U.S. President","66","36","36","0","8205","788","Chase Oliver/Mike ter Maat","37","0.00"
"366","U.S. President","66","36","36","0","8205","790","Jill Stein/Rudolph Ware","21","0.00"
"366","U.S. President","66","36","36","0","8205","793","Peter Sonski/Lauren Onak","14","0.00"
"366","U.S. President","66","36","36","0","8205","792","Michael Wood/John G. Pietrowski","12","0.00"
"366","U.S. President","67","28","28","0","6477","789","Donald J. Trump/JD Vance","5147","79.00"
"366","U.S. President","67","28","28","0","6477","791","Kamala D. Harris/Tim Walz","1213","19.00"
"366","U.S. President","67","28","28","0","6477","794","Robert F. Kennedy, Jr./Nicole Shanahan","65","1.00"
"366","U.S. President","67","28","28","0","6477","788","Chase Oliver/Mike ter Maat","19","0.00"
"366","U.S. President","67","28","28","0","6477","790","Jill Stein/Rudolph Ware","17","0.00"
"366","U.S. President","67","28","28","0","6477","793","Peter Sonski/Lauren Onak","10","0.00"
"366","U.S. President","67","28","28","0","6477","792","Michael Wood/John G. Pietrowski","6","0.00"
"366","U.S. President","68","42","42","0","57609","789","Donald J. Trump/JD Vance","39736","69.00"
"366","U.S. President","68","42","42","0","57609","791","Kamala D. Harris/Tim Walz","16609","29.00"
"366","U.S. President","68","42","42","0","57609","794","Robert F. Kennedy, Jr./Nicole Shanahan","676","1.00"
"366","U.S. President","68","42","42","0","57609","788","Chase Oliver/Mike ter Maat","306","1.00"
"366","U.S. President","68","42","42","0","57609","790","Jill Stein/Rudolph Ware","146","0.00"
"366","U.S. President","68","42","42","0","57609","793","Peter Sonski/Lauren Onak","99","0.00"
"366","U.S. President","68","42","42","0","57609","792","Michael Wood/John G. Pietrowski","37","0.00"
"366","U.S. President","69","17","17","0","4584","789","Donald J. Trump/JD Vance","3559","78.00"
"366","U.S. President","69","17","17","0","4584","791","Kamala D. Harris/Tim Walz","923","20.00"
"366","U.S. President","69","17","17","0","4584","794","Robert F. Kennedy, Jr./Nicole Shanahan","54","1.00"
"366","U.S. President","69","17","17","0","4584","790","Jill Stein/Rudolph Ware","18","0.00"
"366","U.S. President","69","17","17","0","4584","788","Chase Oliver/Mike ter Maat","17","0.00"
"366","U.S. President","69","17","17","0","4584","793","Peter Sonski/Lauren Onak","7","0.00"
"366","U.S. President","69","17","17","0","4584","792","Michael Wood/John G. Pietrowski","6","0.00"
"366","U.S. President","70","19","19","0","3770","789","Donald J. Trump/JD Vance","3063","81.00"
"366","U.S. President","70","19","19","0","3770","791","Kamala D. Harris/Tim Walz","644","17.00"
"366","U.S. President","70","19","19","0","3770","794","Robert F. Kennedy, Jr./Nicole Shanahan","29","1.00"
"366","U.S. President","70","19","19","0","3770","790","Jill Stein/Rudolph Ware","20","1.00"
"366","U.S. President","70","19","19","0","3770","788","Chase Oliver/Mike ter Maat","10","0.00"
"366","U.S. President","70","19","19","0","3770","792","Michael Wood/John G. Pietrowski","4","0.00"
"366","U.S. President","70","19","19","0","3770","793","Peter Sonski/Lauren Onak","0","0.00"
"366","U.S. President","71","39","39","0","6971","789","Donald J. Trump/JD Vance","5582","80.00"
"366","U.S. President","71","39","39","0","6971","791","Kamala D. Harris/Tim Walz","1232","18.00"
"366","U.S. President","71","39","39","0","6971","794","Robert F. Kennedy, Jr./Nicole Shanahan","94","1.00"
"366","U.S. President","71","39","39","0","6971","788","Chase Oliver/Mike ter Maat","42","1.00"
"366","U.S. President","71","39","39","0","6971","790","Jill Stein/Rudolph Ware","10","0.00"
"366","U.S. President","71","39","39","0","6971","792","Michael Wood/John G. Pietrowski","6","0.00"
"366","U.S. President","71","39","39","0","6971","793","Peter Sonski/Lauren Onak","5","0.00"
"366","U.S. President","72","11","11","0","9059","789","Donald J. Trump/JD Vance","6766","75.00"
"366","U.S. President","72","11","11","0","9059","791","Kamala D. Harris/Tim Walz","2107","23.00"
"366","U.S. President","72","11","11","0","9059","794","Robert F. Kennedy, Jr./Nicole Shanahan","116","1.00"
"366","U.S. President","72","11","11","0","9059","788","Chase Oliver/Mike ter Maat","31","0.00"
"366","U.S. President","72","11","11","0","9059","790","Jill Stein/Rudolph Ware","24","0.00"
"366","U.S. President","72","11","11","0","9059","792","Michael Wood/John G. Pietrowski","12","0.00"
"366","U.S. President","72","11","11","0","9059","793","Peter Sonski/Lauren Onak","3","0.00"
"366","U.S. President","73","10","10","0","7501","789","Donald J. Trump/JD Vance","5885","78.00"
"366","U.S. President","73","10","10","0","7501","791","Kamala D. Harris/Tim Walz","1491","20.00"
"366","U.S. President","73","10","10","0","7501","794","Robert F. Kennedy, Jr./Nicole Shanahan","61","1.00"
"366","U.S. President","73","10","10","0","7501","788","Chase Oliver/Mike ter Maat","32","0.00"
"366","U.S. President","73","10","10","0","7501","790","Jill Stein/Rudolph Ware","24","0.00"
"366","U.S. President","73","10","10","0","7501","792","Michael Wood/John G. Pietrowski","4","0.00"
"366","U.S. President","73","10","10","0","7501","793","Peter Sonski/Lauren Onak","4","0.00"
"366","U.S. President","74","32","32","0","12283","789","Donald J. Trump/JD Vance","9226","75.00"
"366","U.S. President","74","32","32","0","12283","791","Kamala D. Harris/Tim Walz","2818","23.00"
"366","U.S. President","74","32","32","0","12283","794","Robert F. Kennedy, Jr./Nicole Shanahan","134","1.00"
"366","U.S. President","74","32","32","0","12283","788","Chase Oliver/Mike ter Maat","49","0.00"
"366","U.S. President","74","32","32","0","12283","790","Jill Stein/Rudolph Ware","34","0.00"
"366","U.S. President","74","32","32","0","12283","792","Michael Wood/John G. Pietrowski","11","0.00"
"366","U.S. President","74","32","32","0","12283","793","Peter Sonski/Lauren Onak","11","0.00"
"366","U.S. President","75","52","52","0","42327","789","Donald J. Trump/JD Vance","28359","67.00"
"366","U.S. President","75","52","52","0","42327","791","Kamala D. Harris/Tim Walz","13015","31.00"
"366","U.S. President","75","52","52","0","42327","794","Robert F. Kennedy, Jr./Nicole Shanahan","482","1.00"
"366","U.S. President","75","52","52","0","42327","788","Chase Oliver/Mike ter Maat","219","1.00"
"366","U.S. President","75","52","52","0","42327","790","Jill Stein/Rudolph Ware","121","0.00"
"366","U.S. President","75","52","52","0","42327","792","Michael Wood/John G. Pietrowski","70","0.00"
"366","U.S. President","75","52","52","0","42327","793","Peter Sonski/Lauren Onak","61","0.00"
"645","U.S. Congress District 01","1","3","3","0","2979","1411","Rodney Govens","1916","64.00"
"645","U.S. Congress District 01","1","3","3","0","2979","1410","Congressman Rick Crawford","968","32.00"
"645","U.S. Congress District 01","1","3","3","0","2979","1412","Steve G. Parsons","95","3.00"
"645","U.S. Congress District 01","4","55","55","0","30081","1410","Congressman Rick Crawford","22931","76.00"
"645","U.S. Congress District 01","4","55","55","0","30081","1411","Rodney Govens","6079","20.00"
"645","U.S. Congress District 01","4","55","55","0","30081","1412","Steve G. Parsons","1071","4.00"
"645","U.S. Congress District 01","5","28","28","0","5609","1410","Congressman Rick Crawford","4664","83.00"
"645","U.S. Congress District 01","5","28","28","0","5609","1411","Rodney Govens","791","14.00"
"645","U.S. Congress District 01","5","28","28","0","5609","1412","Steve G. Parsons","154","3.00"
"645","U.S. Congress District 01","10","17","17","0","14286","1410","Congressman Rick Crawford","7067","49.00"
"645","U.S. Congress District 01","10","17","17","0","14286","1411","Rodney Govens","6863","48.00"
"645","U.S. Congress District 01","10","17","17","0","14286","1412","Steve G. Parsons","356","2.00"
"645","U.S. Congress District 01","11","17","17","0","4793","1410","Congressman Rick Crawford","3905","81.00"
"645","U.S. Congress District 01","11","17","17","0","4793","1411","Rodney Govens","737","15.00"
"645","U.S. Congress District 01","11","17","17","0","4793","1412","Steve G. Parsons","151","3.00"
"645","U.S. Congress District 01","12","31","31","0","7646","1410","Congressman Rick Crawford","6065","79.00"
"645","U.S. Congress District 01","12","31","31","0","7646","1411","Rodney Govens","1292","17.00"
"645","U.S. Congress District 01","12","31","31","0","7646","1412","Steve G. Parsons","289","4.00"
"645","U.S. Congress District 01","16","14","14","0","6367","1410","Congressman Rick Crawford","4759","75.00"
"645","U.S. Congress District 01","16","14","14","0","6367","1411","Rodney Govens","1445","23.00"
"645","U.S. Congress District 01","16","14","14","0","6367","1412","Steve G. Parsons","163","3.00"
"645","U.S. Congress District 01","20","16","16","0","10387","1410","Congressman Rick Crawford","7071","68.00"
"645","U.S. Congress District 01","20","16","16","0","10387","1411","Rodney Govens","3091","30.00"
"645","U.S. Congress District 01","20","16","16","0","10387","1412","Steve G. Parsons","225","2.00"
"645","U.S. Congress District 01","21","11","11","0","15450","1410","Congressman Rick Crawford","12465","81.00"
"645","U.S. Congress District 01","21","11","11","0","15450","1411","Rodney Govens","2522","16.00"
"645","U.S. Congress District 01","21","11","11","0","15450","1412","Steve G. Parsons","463","3.00"
"645","U.S. Congress District 01","25","7","7","0","3437","1411","Rodney Govens","1698","49.00"
"645","U.S. Congress District 01","25","7","7","0","3437","1410","Congressman Rick Crawford","1690","49.00"
"645","U.S. Congress District 01","25","7","7","0","3437","1412","Steve G. Parsons","49","1.00"
"645","U.S. Congress District 01","27","12","12","0","6927","1410","Congressman Rick Crawford","5689","82.00"
"645","U.S. Congress District 01","27","12","12","0","6927","1411","Rodney Govens","1062","15.00"
"645","U.S. Congress District 01","27","12","12","0","6927","1412","Steve G. Parsons","176","3.00"
"645","U.S. Congress District 01","28","53","53","0","36736","1410","Congressman Rick Crawford","25736","70.00"
"645","U.S. Congress District 01","28","53","53","0","36736","1411","Rodney Govens","9777","27.00"
"645","U.S. Congress District 01","28","53","53","0","36736","1412","Steve G. Parsons","1223","3.00"
"645","U.S. Congress District 01","29","10","10","0","4926","1410","Congressman Rick Crawford","3933","80.00"
"645","U.S. Congress District 01","29","10","10","0","4926","1411","Rodney Govens","797","16.00"
"645","U.S. Congress District 01","29","10","10","0","4926","1412","Steve G. Parsons","196","4.00"
"645","U.S. Congress District 01","33","12","12","0","16598","1410","Congressman Rick Crawford","13449","81.00"
"645","U.S. Congress District 01","33","12","12","0","16598","1411","Rodney Govens","2524","15.00"
"645","U.S. Congress District 01","33","12","12","0","16598","1412","Steve G. Parsons","625","4.00"
"645","U.S. Congress District 01","34","29","29","0","6454","1410","Congressman Rick Crawford","5284","82.00"
"645","U.S. Congress District 01","34","29","29","0","6454","1411","Rodney Govens","943","15.00"
"645","U.S. Congress District 01","34","29","29","0","6454","1412","Steve G. Parsons","227","4.00"
"645","U.S. Congress District 01","44","18","18","0","5864","1410","Congressman Rick Crawford","4672","80.00"
"645","U.S. Congress District 01","44","18","18","0","5864","1411","Rodney Govens","962","16.00"
"645","U.S. Congress District 01","44","18","18","0","5864","1412","Steve G. Parsons","230","4.00"
"645","U.S. Congress District 01","48","45","45","0","5787","1410","Congressman Rick Crawford","4784","83.00"
"645","U.S. Congress District 01","48","45","45","0","5787","1411","Rodney Govens","812","14.00"
"645","U.S. Congress District 01","48","45","45","0","5787","1412","Steve G. Parsons","191","3.00"
"645","U.S. Congress District 01","49","11","11","0","20452","1410","Congressman Rick Crawford","15836","77.00"
"645","U.S. Congress District 01","49","11","11","0","20452","1411","Rodney Govens","3774","18.00"
"645","U.S. Congress District 01","49","11","11","0","20452","1412","Steve G. Parsons","842","4.00"
"645","U.S. Congress District 01","50","15","15","0","3770","1410","Congressman Rick Crawford","3154","84.00"
"645","U.S. Congress District 01","50","15","15","0","3770","1411","Rodney Govens","468","12.00"
"645","U.S. Congress District 01","50","15","15","0","3770","1412","Steve G. Parsons","148","4.00"
"645","U.S. Congress District 01","51","25","25","0","7283","1410","Congressman Rick Crawford","5901","81.00"
"645","U.S. Congress District 01","51","25","25","0","7283","1411","Rodney Govens","1146","16.00"
"645","U.S. Congress District 01","51","25","25","0","7283","1412","Steve G. Parsons","236","3.00"
"645","U.S. Congress District 01","52","15","15","0","5839","1410","Congressman Rick Crawford","2884","49.00"
"645","U.S. Congress District 01","52","15","15","0","5839","1411","Rodney Govens","2853","49.00"
"645","U.S. Congress District 01","52","15","15","0","5839","1412","Steve G. Parsons","102","2.00"
"645","U.S. Congress District 01","53","9","9","0","2447","1411","Rodney Govens","1197","49.00"
"645","U.S. Congress District 01","53","9","9","0","2447","1410","Congressman Rick Crawford","1183","48.00"
"645","U.S. Congress District 01","53","9","9","0","2447","1412","Steve G. Parsons","67","3.00"
"645","U.S. Congress District 01","54","20","20","0","2270","1410","Congressman Rick Crawford","1538","68.00"
"645","U.S. Congress District 01","54","20","20","0","2270","1411","Rodney Govens","668","29.00"
"645","U.S. Congress District 01","54","20","20","0","2270","1412","Steve G. Parsons","64","3.00"
"645","U.S. Congress District 01","55","24","24","0","2376","1410","Congressman Rick Crawford","1411","59.00"
"645","U.S. Congress District 01","55","24","24","0","2376","1411","Rodney Govens","898","38.00"
"645","U.S. Congress District 01","55","24","24","0","2376","1412","Steve G. Parsons","67","3.00"
"645","U.S. Congress District 01","56","10","10","0","4738","1411","Rodney Govens","2449","52.00"
"645","U.S. Congress District 01","56","10","10","0","4738","1410","Congressman Rick Crawford","2215","47.00"
"645","U.S. Congress District 01","56","10","10","0","4738","1412","Steve G. Parsons","74","2.00"
"645","U.S. Congress District 01","57","30","30","0","5439","1410","Congressman Rick Crawford","3983","73.00"
"645","U.S. Congress District 01","57","30","30","0","5439","1411","Rodney Govens","1320","24.00"
"645","U.S. Congress District 01","57","30","30","0","5439","1412","Steve G. Parsons","136","3.00"
"645","U.S. Congress District 01","58","24","24","0","3124","1410","Congressman Rick Crawford","2606","83.00"
"645","U.S. Congress District 01","58","24","24","0","3124","1411","Rodney Govens","455","15.00"
"645","U.S. Congress District 01","58","24","24","0","3124","1412","Steve G. Parsons","63","2.00"
"645","U.S. Congress District 01","60","21","21","0","3379","1410","Congressman Rick Crawford","1843","55.00"
"645","U.S. Congress District 01","60","21","21","0","3379","1411","Rodney Govens","1477","44.00"
"645","U.S. Congress District 01","60","21","21","0","3379","1412","Steve G. Parsons","59","2.00"
"645","U.S. Congress District 01","61","26","26","0","3316","1410","Congressman Rick Crawford","2455","74.00"
"645","U.S. Congress District 01","61","26","26","0","3316","1411","Rodney Govens","779","23.00"
"645","U.S. Congress District 01","61","26","26","0","3316","1412","Steve G. Parsons","82","2.00"
"645","U.S. Congress District 01","62","34","34","0","13740","1410","Congressman Rick Crawford","11037","80.00"
"645","U.S. Congress District 01","62","34","34","0","13740","1411","Rodney Govens","2307","17.00"
"645","U.S. Congress District 01","62","34","34","0","13740","1412","Steve G. Parsons","396","3.00"
"645","U.S. Congress District 01","64","45","45","0","4677","1410","Congressman Rick Crawford","3533","76.00"
"645","U.S. Congress District 01","64","45","45","0","4677","1411","Rodney Govens","1011","22.00"
"645","U.S. Congress District 01","64","45","45","0","4677","1412","Steve G. Parsons","133","3.00"
"227","U.S. Congress District 02","1","120","120","0","134038","472","Marcus A. Jones","78160","58.00"
"227","U.S. Congress District 02","1","120","120","0","134038","471","Congressman French Hill","55878","42.00"
"227","U.S. Congress District 02","2","21","21","0","7410","471","Congressman French Hill","5843","79.00"
"227","U.S. Congress District 02","2","21","21","0","7410","472","Marcus A. Jones","1567","21.00"
"227","U.S. Congress District 02","17","51","51","0","53651","471","Congressman French Hill","35603","66.00"
"227","U.S. Congress District 02","17","51","51","0","53651","472","Marcus A. Jones","18048","34.00"
"227","U.S. Congress District 02","31","30","30","0","8613","471","Congressman French Hill","5952","69.00"
"227","U.S. Congress District 02","31","30","30","0","8613","472","Marcus A. Jones","2661","31.00"
"227","U.S. Congress District 02","63","34","34","0","12515","471","Congressman French Hill","10401","83.00"
"227","U.S. Congress District 02","63","34","34","0","12515","472","Marcus A. Jones","2114","17.00"
"227","U.S. Congress District 02","65","92","92","0","30865","471","Congressman French Hill","24793","80.00"
"227","U.S. Congress District 02","65","92","92","0","30865","472","Marcus A. Jones","6072","20.00"
"227","U.S. Congress District 02","68","42","42","0","56527","471","Congressman French Hill","39865","71.00"
"227","U.S. Congress District 02","68","42","42","0","56527","472","Marcus A. Jones","16662","29.00"
"227","U.S. Congress District 02","69","17","17","0","4469","471","Congressman French Hill","3451","77.00"
"227","U.S. Congress District 02","69","17","17","0","4469","472","Marcus A. Jones","1018","23.00"
"161","U.S. Congress District 03","9","433","433","0","126409","342","Congressman Steve Womack","82731","65.00"
"161","U.S. Congress District 03","9","433","433","0","126409","341","Caitlin Draper","37908","30.00"
"161","U.S. Congress District 03","9","433","433","0","126409","340","Bobby Wilson","5770","5.00"
"161","U.S. Congress District 03","32","11","11","0","11308","342","Congressman Steve Womack","7407","66.00"
"161","U.S. Congress District 03","32","11","11","0","11308","341","Caitlin Draper","3404","30.00"
"161","U.S. Congress District 03","32","11","11","0","11308","340","Bobby Wilson","497","4.00"
"161","U.S. Congress District 03","37","176","176","0","40320","342","Congressman Steve Womack","27526","68.00"
"161","U.S. Congress District 03","37","176","176","0","40320","341","Caitlin Draper","10902","27.00"
"161","U.S. Congress District 03","37","176","176","0","40320","340","Bobby Wilson","1892","5.00"
"161","U.S. Congress District 03","46","233","233","0","94905","342","Congressman Steve Womack","52408","55.00"
"161","U.S. Congress District 03","46","233","233","0","94905","341","Caitlin Draper","38710","41.00"
"161","U.S. Congress District 03","46","233","233","0","94905","340","Bobby Wilson","3787","4.00"
"161","U.S. Congress District 03","47","13","13","0","20770","342","Congressman Steve Womack","16268","78.00"
"161","U.S. Congress District 03","47","13","13","0","20770","341","Caitlin Draper","3471","17.00"
"161","U.S. Congress District 03","47","13","13","0","20770","340","Bobby Wilson","1031","5.00"
"161","U.S. Congress District 03","73","10","10","0","7372","342","Congressman Steve Womack","5761","78.00"
"161","U.S. Congress District 03","73","10","10","0","7372","341","Caitlin Draper","1257","17.00"
"161","U.S. Congress District 03","73","10","10","0","7372","340","Bobby Wilson","354","5.00"
"237","U.S. Congress District 04","1","10","10","0","6924","513","Risie Howard","5055","73.00"
"237","U.S. Congress District 04","1","10","10","0","6924","512","Congressman Bruce Westerman","1869","27.00"
"237","U.S. Congress District 04","3","18","18","0","8374","512","Congressman Bruce Westerman","5233","62.00"
"237","U.S. Congress District 04","3","18","18","0","8374","513","Risie Howard","3141","38.00"
"237","U.S. Congress District 04","6","20","20","0","2789","512","Congressman Bruce Westerman","2004","72.00"
"237","U.S. Congress District 04","6","20","20","0","2789","513","Risie Howard","785","28.00"
"237","U.S. Congress District 04","7","20","20","0","7488","512","Congressman Bruce Westerman","4790","64.00"
"237","U.S. Congress District 04","7","20","20","0","7488","513","Risie Howard","2698","36.00"
"237","U.S. Congress District 04","8","9","9","0","2208","512","Congressman Bruce Westerman","1472","67.00"
"237","U.S. Congress District 04","8","9","9","0","2208","513","Risie Howard","736","33.00"
"237","U.S. Congress District 04","13","170","170","0","20794","513","Risie Howard","11632","56.00"
"237","U.S. Congress District 04","13","170","170","0","20794","512","Congressman Bruce Westerman","9162","44.00"
"237","U.S. Congress District 04","14","11","11","0","4251","512","Congressman Bruce Westerman","3742","88.00"
"237","U.S. Congress District 04","14","11","11","0","4251","513","Risie Howard","509","12.00"
"237","U.S. Congress District 04","15","24","24","0","5880","512","Congressman Bruce Westerman","4278","73.00"
"237","U.S. Congress District 04","15","24","24","0","5880","513","Risie Howard","1602","27.00"
"237","U.S. Congress District 04","18","14","14","0","3120","512","Congressman Bruce Westerman","2263","73.00"
"237","U.S. Congress District 04","18","14","14","0","3120","513","Risie Howard","857","27.00"
"237","U.S. Congress District 04","19","8","8","0","2019","512","Congressman Bruce Westerman","1660","82.00"
"237","U.S. Congress District 04","19","8","8","0","2019","513","Risie Howard","359","18.00"
"237","U.S. Congress District 04","22","9","9","0","2207","512","Congressman Bruce Westerman","1601","73.00"
"237","U.S. Congress District 04","22","9","9","0","2207","513","Risie Howard","606","27.00"
"237","U.S. Congress District 04","23","14","14","0","7561","512","Congressman Bruce Westerman","5397","71.00"
"237","U.S. Congress District 04","23","14","14","0","7561","513","Risie Howard","2164","29.00"
"237","U.S. Congress District 04","24","30","30","0","6781","512","Congressman Bruce Westerman","5168","76.00"
"237","U.S. Congress District 04","24","30","30","0","6781","513","Risie Howard","1613","24.00"
"237","U.S. Congress District 04","26","17","17","0","3243","512","Congressman Bruce Westerman","2787","86.00"
"237","U.S. Congress District 04","26","17","17","0","3243","513","Risie Howard","456","14.00"
"237","U.S. Congress District 04","30","17","17","0","6219","512","Congressman Bruce Westerman","4318","69.00"
"237","U.S. Congress District 04","30","17","17","0","6219","513","Risie Howard","1901","31.00"
"237","U.S. Congress District 04","35","9","9","0","4300","512","Congressman Bruce Westerman","3278","76.00"
"237","U.S. Congress District 04","35","9","9","0","4300","513","Risie Howard","1022","24.00"
"237","U.S. Congress District 04","36","28","28","0","15011","512","Congressman Bruce Westerman","10398","69.00"
"237","U.S. Congress District 04","36","28","28","0","15011","513","Risie Howard","4613","31.00"
"237","U.S. Congress District 04","37","44","44","0","4249","512","Congressman Bruce Westerman","3667","86.00"
"237","U.S. Congress District 04","37","44","44","0","4249","513","Risie Howard","582","14.00"
"237","U.S. Congress District 04","38","16","16","0","3562","512","Congressman Bruce Westerman","3007","84.00"
"237","U.S. Congress District 04","38","16","16","0","3562","513","Risie Howard","555","16.00"
"237","U.S. Congress District 04","39","17","17","0","8062","512","Congressman Bruce Westerman","7069","88.00"
"237","U.S. Congress District 04","39","17","17","0","8062","513","Risie Howard","993","12.00"
"237","U.S. Congress District 04","40","26","26","0","3254","512","Congressman Bruce Westerman","2881","89.00"
"237","U.S. Congress District 04","40","26","26","0","3254","513","Risie Howard","373","11.00"
"237","U.S. Congress District 04","41","9","9","0","4593","512","Congressman Bruce Westerman","3801","83.00"
"237","U.S. Congress District 04","41","9","9","0","4593","513","Risie Howard","792","17.00"
"237","U.S. Congress District 04","42","20","20","0","4732","512","Congressman Bruce Westerman","3759","79.00"
"237","U.S. Congress District 04","42","20","20","0","4732","513","Risie Howard","973","21.00"
"237","U.S. Congress District 04","43","19","19","0","15300","512","Congressman Bruce Westerman","11846","77.00"
"237","U.S. Congress District 04","43","19","19","0","15300","513","Risie Howard","3454","23.00"
"237","U.S. Congress District 04","45","56","56","0","23706","512","Congressman Bruce Westerman","18761","79.00"
"237","U.S. Congress District 04","45","56","56","0","23706","513","Risie Howard","4945","21.00"
"237","U.S. Congress District 04","59","18","18","0","7905","512","Congressman Bruce Westerman","6848","87.00"
"237","U.S. Congress District 04","59","18","18","0","7905","513","Risie Howard","1057","13.00"
"237","U.S. Congress District 04","66","36","36","0","8015","512","Congressman Bruce Westerman","6703","84.00"
"237","U.S. Congress District 04","66","36","36","0","8015","513","Risie Howard","1312","16.00"
"237","U.S. Congress District 04","67","28","28","0","6278","512","Congressman Bruce Westerman","5173","82.00"
"237","U.S. Congress District 04","67","28","28","0","6278","513","Risie Howard","1105","18.00"
"237","U.S. Congress District 04","70","19","19","0","3597","512","Congressman Bruce Westerman","2989","83.00"
"237","U.S. Congress District 04","70","19","19","0","3597","513","Risie Howard","608","17.00"
"237","U.S. Congress District 04","71","39","39","0","6785","512","Congressman Bruce Westerman","5700","84.00"
"237","U.S. Congress District 04","71","39","39","0","6785","513","Risie Howard","1085","16.00"
"237","U.S. Congress District 04","72","11","11","0","8776","512","Congressman Bruce Westerman","6864","78.00"
"237","U.S. Congress District 04","72","11","11","0","8776","513","Risie Howard","1912","22.00"
"237","U.S. Congress District 04","74","32","32","0","11919","512","Congressman Bruce Westerman","9372","79.00"
"237","U.S. Congress District 04","74","32","32","0","11919","513","Risie Howard","2547","21.00"
"237","U.S. Congress District 04","75","52","52","0","40351","512","Congressman Bruce Westerman","29186","72.00"
"237","U.S. Congress District 04","75","52","52","0","40351","513","Risie Howard","11165","28.00"